session_id,user_type,channel,product,page,event_time,purchase_flag
1,New,Referral,Watch,Home,2025-10-20 16:16:00,0
2,Returning,Paid,Bag,Home,2025-10-20 16:21:00,0
2,Returning,Paid,Bag,Category,2025-10-20 16:23:38,0
2,Returning,Paid,Bag,Product,2025-10-20 16:33:37,0
3,New,Organic,Jacket,Home,2025-10-21 04:41:00,0
3,New,Organic,Jacket,Category,2025-10-21 04:45:19,0
3,New,Organic,Jacket,Product,2025-10-21 04:52:00,0
3,New,Organic,Jacket,AddToCart,2025-10-21 04:57:34,0
4,New,Organic,Watch,Home,2025-10-21 01:58:00,0
4,New,Organic,Watch,Category,2025-10-21 02:07:54,0
5,New,Referral,Jacket,Home,2025-10-20 16:36:00,0
5,New,Referral,Jacket,Category,2025-10-20 16:36:43,0
6,Returning,Organic,Jacket,Home,2025-10-21 03:22:00,0
7,New,Organic,Bag,Home,2025-10-21 07:55:00,0
7,New,Organic,Bag,Category,2025-10-21 08:04:11,0
7,New,Organic,Bag,Product,2025-10-21 08:05:26,0
8,New,Organic,Watch,Home,2025-10-21 06:31:00,0
8,New,Organic,Watch,Category,2025-10-21 06:32:43,0
9,New,Organic,Jacket,Home,2025-10-21 02:22:00,0
9,New,Organic,Jacket,Category,2025-10-21 02:27:47,0
9,New,Organic,Jacket,Product,2025-10-21 02:31:52,0
10,Returning,Organic,Bag,Home,2025-10-21 01:24:00,0
10,Returning,Organic,Bag,Category,2025-10-21 01:26:16,0
10,Returning,Organic,Bag,Product,2025-10-21 01:33:30,0
10,Returning,Organic,Bag,AddToCart,2025-10-21 01:40:21,0
10,Returning,Organic,Bag,Checkout,2025-10-21 01:49:26,1
11,Returning,Organic,Watch,Home,2025-10-20 20:38:00,0
11,Returning,Organic,Watch,Category,2025-10-20 20:43:30,0
12,Returning,Organic,Shoes,Home,2025-10-20 18:25:00,0
12,Returning,Organic,Shoes,Category,2025-10-20 18:32:08,0
12,Returning,Organic,Shoes,Product,2025-10-20 18:32:49,0
12,Returning,Organic,Shoes,AddToCart,2025-10-20 18:35:39,0
13,New,Organic,Watch,Home,2025-10-20 20:56:00,0
13,New,Organic,Watch,Category,2025-10-20 20:59:45,0
13,New,Organic,Watch,Product,2025-10-20 21:03:29,0
13,New,Organic,Watch,AddToCart,2025-10-20 21:09:31,0
14,New,Referral,Bag,Home,2025-10-20 23:00:00,0
14,New,Referral,Bag,Category,2025-10-20 23:02:47,0
14,New,Referral,Bag,Product,2025-10-20 23:08:06,0
14,New,Referral,Bag,AddToCart,2025-10-20 23:10:51,0
14,New,Referral,Bag,Checkout,2025-10-20 23:19:39,1
15,Returning,Organic,Shoes,Home,2025-10-20 20:43:00,0
15,Returning,Organic,Shoes,Category,2025-10-20 20:49:06,0
16,New,Organic,Jacket,Home,2025-10-20 08:03:00,0
16,New,Organic,Jacket,Category,2025-10-20 08:06:44,0
16,New,Organic,Jacket,Product,2025-10-20 08:13:20,0
17,New,Organic,Watch,Home,2025-10-20 08:31:00,0
17,New,Organic,Watch,Category,2025-10-20 08:39:11,0
17,New,Organic,Watch,Product,2025-10-20 08:42:07,0
17,New,Organic,Watch,AddToCart,2025-10-20 08:50:14,0
18,New,Organic,Bag,Home,2025-10-20 15:21:00,0
18,New,Organic,Bag,Category,2025-10-20 15:21:59,0
18,New,Organic,Bag,Product,2025-10-20 15:24:17,0
18,New,Organic,Bag,AddToCart,2025-10-20 15:33:19,0
19,New,Organic,Bag,Home,2025-10-20 20:37:00,0
19,New,Organic,Bag,Category,2025-10-20 20:41:12,0
19,New,Organic,Bag,Product,2025-10-20 20:43:31,0
19,New,Organic,Bag,AddToCart,2025-10-20 20:51:38,0
20,New,Paid,Shoes,Home,2025-10-20 16:52:00,0
20,New,Paid,Shoes,Category,2025-10-20 17:01:15,0
21,Returning,Paid,Bag,Home,2025-10-21 07:29:00,0
21,Returning,Paid,Bag,Category,2025-10-21 07:32:55,0
21,Returning,Paid,Bag,Product,2025-10-21 07:38:31,0
21,Returning,Paid,Bag,AddToCart,2025-10-21 07:42:14,0
21,Returning,Paid,Bag,Checkout,2025-10-21 07:49:42,1
22,New,Referral,Watch,Home,2025-10-20 12:59:00,0
23,Returning,Organic,Watch,Home,2025-10-21 01:21:00,0
23,Returning,Organic,Watch,Category,2025-10-21 01:29:28,0
24,New,Referral,Shoes,Home,2025-10-21 06:02:00,0
24,New,Referral,Shoes,Category,2025-10-21 06:09:47,0
25,New,Organic,Shoes,Home,2025-10-20 09:49:00,0
25,New,Organic,Shoes,Category,2025-10-20 09:54:18,0
26,New,Referral,Jacket,Home,2025-10-20 21:03:00,0
26,New,Referral,Jacket,Category,2025-10-20 21:08:22,0
26,New,Referral,Jacket,Product,2025-10-20 21:15:08,0
27,New,Organic,Watch,Home,2025-10-20 08:02:00,0
27,New,Organic,Watch,Category,2025-10-20 08:08:41,0
27,New,Organic,Watch,Product,2025-10-20 08:12:20,0
28,New,Organic,Shoes,Home,2025-10-20 11:56:00,0
28,New,Organic,Shoes,Category,2025-10-20 12:03:34,0
28,New,Organic,Shoes,Product,2025-10-20 12:11:23,0
29,Returning,Organic,Jacket,Home,2025-10-20 16:43:00,0
29,Returning,Organic,Jacket,Category,2025-10-20 16:52:38,0
30,New,Organic,Jacket,Home,2025-10-20 09:27:00,0
30,New,Organic,Jacket,Category,2025-10-20 09:30:04,0
31,Returning,Paid,Shoes,Home,2025-10-20 19:31:00,0
31,Returning,Paid,Shoes,Category,2025-10-20 19:40:28,0
31,Returning,Paid,Shoes,Product,2025-10-20 19:49:56,0
32,Returning,Paid,Jacket,Home,2025-10-21 00:10:00,0
32,Returning,Paid,Jacket,Category,2025-10-21 00:15:17,0
32,Returning,Paid,Jacket,Product,2025-10-21 00:19:35,0
32,Returning,Paid,Jacket,AddToCart,2025-10-21 00:28:57,0
32,Returning,Paid,Jacket,Checkout,2025-10-21 00:32:51,0
33,Returning,Paid,Bag,Home,2025-10-20 20:08:00,0
33,Returning,Paid,Bag,Category,2025-10-20 20:13:38,0
33,Returning,Paid,Bag,Product,2025-10-20 20:18:33,0
34,New,Organic,Bag,Home,2025-10-20 22:00:00,0
34,New,Organic,Bag,Category,2025-10-20 22:01:33,0
34,New,Organic,Bag,Product,2025-10-20 22:02:38,0
35,New,Paid,Jacket,Home,2025-10-20 11:28:00,0
36,New,Paid,Watch,Home,2025-10-21 04:32:00,0
36,New,Paid,Watch,Category,2025-10-21 04:37:33,0
36,New,Paid,Watch,Product,2025-10-21 04:40:23,0
36,New,Paid,Watch,AddToCart,2025-10-21 04:49:44,0
36,New,Paid,Watch,Checkout,2025-10-21 04:53:52,0
37,New,Paid,Shoes,Home,2025-10-20 21:36:00,0
37,New,Paid,Shoes,Category,2025-10-20 21:42:57,0
37,New,Paid,Shoes,Product,2025-10-20 21:43:42,0
37,New,Paid,Shoes,AddToCart,2025-10-20 21:47:55,0
37,New,Paid,Shoes,Checkout,2025-10-20 21:56:54,1
38,Returning,Organic,Bag,Home,2025-10-21 05:15:00,0
38,Returning,Organic,Bag,Category,2025-10-21 05:22:58,0
38,Returning,Organic,Bag,Product,2025-10-21 05:29:20,0
39,New,Paid,Watch,Home,2025-10-21 03:34:00,0
39,New,Paid,Watch,Category,2025-10-21 03:37:02,0
40,New,Organic,Watch,Home,2025-10-21 00:41:00,0
40,New,Organic,Watch,Category,2025-10-21 00:43:01,0
40,New,Organic,Watch,Product,2025-10-21 00:47:45,0
40,New,Organic,Watch,AddToCart,2025-10-21 00:49:46,0
41,New,Paid,Jacket,Home,2025-10-21 06:59:00,0
42,New,Paid,Shoes,Home,2025-10-21 05:29:00,0
42,New,Paid,Shoes,Category,2025-10-21 05:37:00,0
42,New,Paid,Shoes,Product,2025-10-21 05:39:03,0
42,New,Paid,Shoes,AddToCart,2025-10-21 05:45:25,0
42,New,Paid,Shoes,Checkout,2025-10-21 05:53:12,0
43,New,Organic,Watch,Home,2025-10-21 02:09:00,0
43,New,Organic,Watch,Category,2025-10-21 02:09:40,0
43,New,Organic,Watch,Product,2025-10-21 02:11:25,0
43,New,Organic,Watch,AddToCart,2025-10-21 02:12:03,0
44,New,Referral,Watch,Home,2025-10-21 04:16:00,0
44,New,Referral,Watch,Category,2025-10-21 04:19:36,0
45,New,Organic,Bag,Home,2025-10-21 03:48:00,0
46,New,Organic,Shoes,Home,2025-10-21 03:57:00,0
46,New,Organic,Shoes,Category,2025-10-21 04:03:59,0
46,New,Organic,Shoes,Product,2025-10-21 04:08:10,0
47,Returning,Referral,Jacket,Home,2025-10-21 02:15:00,0
47,Returning,Referral,Jacket,Category,2025-10-21 02:22:48,0
47,Returning,Referral,Jacket,Product,2025-10-21 02:23:58,0
47,Returning,Referral,Jacket,AddToCart,2025-10-21 02:29:39,0
47,Returning,Referral,Jacket,Checkout,2025-10-21 02:35:53,1
48,New,Referral,Jacket,Home,2025-10-20 16:57:00,0
48,New,Referral,Jacket,Category,2025-10-20 16:59:01,0
48,New,Referral,Jacket,Product,2025-10-20 17:01:07,0
48,New,Referral,Jacket,AddToCart,2025-10-20 17:02:10,0
48,New,Referral,Jacket,Checkout,2025-10-20 17:06:30,1
49,Returning,Referral,Watch,Home,2025-10-20 17:13:00,0
49,Returning,Referral,Watch,Category,2025-10-20 17:18:34,0
49,Returning,Referral,Watch,Product,2025-10-20 17:20:07,0
49,Returning,Referral,Watch,AddToCart,2025-10-20 17:29:33,0
50,Returning,Organic,Watch,Home,2025-10-20 12:38:00,0
50,Returning,Organic,Watch,Category,2025-10-20 12:39:35,0
51,New,Referral,Shoes,Home,2025-10-21 04:20:00,0
51,New,Referral,Shoes,Category,2025-10-21 04:25:30,0
52,New,Organic,Watch,Home,2025-10-20 16:27:00,0
52,New,Organic,Watch,Category,2025-10-20 16:36:39,0
53,New,Organic,Watch,Home,2025-10-20 12:40:00,0
53,New,Organic,Watch,Category,2025-10-20 12:44:27,0
53,New,Organic,Watch,Product,2025-10-20 12:46:54,0
54,New,Organic,Watch,Home,2025-10-21 00:53:00,0
54,New,Organic,Watch,Category,2025-10-21 00:54:58,0
55,New,Paid,Shoes,Home,2025-10-20 20:51:00,0
55,New,Paid,Shoes,Category,2025-10-20 20:56:53,0
55,New,Paid,Shoes,Product,2025-10-20 21:02:39,0
55,New,Paid,Shoes,AddToCart,2025-10-20 21:07:08,0
56,New,Organic,Bag,Home,2025-10-21 04:52:00,0
56,New,Organic,Bag,Category,2025-10-21 04:56:25,0
56,New,Organic,Bag,Product,2025-10-21 05:01:57,0
57,Returning,Organic,Bag,Home,2025-10-20 23:44:00,0
57,Returning,Organic,Bag,Category,2025-10-20 23:49:54,0
57,Returning,Organic,Bag,Product,2025-10-20 23:52:10,0
58,Returning,Organic,Jacket,Home,2025-10-21 07:26:00,0
58,Returning,Organic,Jacket,Category,2025-10-21 07:35:28,0
59,New,Paid,Bag,Home,2025-10-20 10:40:00,0
60,New,Organic,Jacket,Home,2025-10-21 07:13:00,0
60,New,Organic,Jacket,Category,2025-10-21 07:17:59,0
60,New,Organic,Jacket,Product,2025-10-21 07:23:47,0
60,New,Organic,Jacket,AddToCart,2025-10-21 07:28:15,0
61,Returning,Organic,Bag,Home,2025-10-20 12:58:00,0
61,Returning,Organic,Bag,Category,2025-10-20 13:01:41,0
61,Returning,Organic,Bag,Product,2025-10-20 13:06:00,0
61,Returning,Organic,Bag,AddToCart,2025-10-20 13:10:05,0
61,Returning,Organic,Bag,Checkout,2025-10-20 13:14:12,0
62,New,Organic,Bag,Home,2025-10-21 04:13:00,0
62,New,Organic,Bag,Category,2025-10-21 04:20:55,0
62,New,Organic,Bag,Product,2025-10-21 04:28:26,0
62,New,Organic,Bag,AddToCart,2025-10-21 04:29:22,0
63,New,Paid,Watch,Home,2025-10-20 15:02:00,0
63,New,Paid,Watch,Category,2025-10-20 15:08:12,0
63,New,Paid,Watch,Product,2025-10-20 15:17:26,0
63,New,Paid,Watch,AddToCart,2025-10-20 15:24:48,0
64,New,Organic,Bag,Home,2025-10-21 02:03:00,0
64,New,Organic,Bag,Category,2025-10-21 02:11:31,0
64,New,Organic,Bag,Product,2025-10-21 02:13:04,0
64,New,Organic,Bag,AddToCart,2025-10-21 02:14:51,0
65,New,Paid,Bag,Home,2025-10-20 15:10:00,0
65,New,Paid,Bag,Category,2025-10-20 15:15:39,0
65,New,Paid,Bag,Product,2025-10-20 15:18:02,0
66,New,Referral,Jacket,Home,2025-10-21 07:17:00,0
66,New,Referral,Jacket,Category,2025-10-21 07:25:36,0
66,New,Referral,Jacket,Product,2025-10-21 07:32:35,0
66,New,Referral,Jacket,AddToCart,2025-10-21 07:40:56,0
67,Returning,Organic,Bag,Home,2025-10-20 10:19:00,0
67,Returning,Organic,Bag,Category,2025-10-20 10:21:21,0
67,Returning,Organic,Bag,Product,2025-10-20 10:24:03,0
67,Returning,Organic,Bag,AddToCart,2025-10-20 10:32:23,0
68,New,Referral,Jacket,Home,2025-10-20 14:33:00,0
68,New,Referral,Jacket,Category,2025-10-20 14:34:13,0
69,New,Organic,Watch,Home,2025-10-20 21:43:00,0
69,New,Organic,Watch,Category,2025-10-20 21:50:11,0
69,New,Organic,Watch,Product,2025-10-20 21:58:02,0
69,New,Organic,Watch,AddToCart,2025-10-20 22:06:24,0
69,New,Organic,Watch,Checkout,2025-10-20 22:15:13,0
70,Returning,Organic,Watch,Home,2025-10-20 12:39:00,0
70,Returning,Organic,Watch,Category,2025-10-20 12:45:38,0
71,New,Paid,Jacket,Home,2025-10-20 08:01:00,0
71,New,Paid,Jacket,Category,2025-10-20 08:10:22,0
72,New,Referral,Watch,Home,2025-10-20 15:26:00,0
72,New,Referral,Watch,Category,2025-10-20 15:29:06,0
72,New,Referral,Watch,Product,2025-10-20 15:32:02,0
72,New,Referral,Watch,AddToCart,2025-10-20 15:41:18,0
72,New,Referral,Watch,Checkout,2025-10-20 15:43:29,1
73,New,Organic,Watch,Home,2025-10-20 22:09:00,0
73,New,Organic,Watch,Category,2025-10-20 22:16:00,0
73,New,Organic,Watch,Product,2025-10-20 22:18:05,0
73,New,Organic,Watch,AddToCart,2025-10-20 22:20:11,0
74,New,Paid,Watch,Home,2025-10-20 11:37:00,0
74,New,Paid,Watch,Category,2025-10-20 11:42:36,0
74,New,Paid,Watch,Product,2025-10-20 11:46:18,0
75,New,Referral,Shoes,Home,2025-10-20 22:13:00,0
76,New,Organic,Shoes,Home,2025-10-20 13:56:00,0
76,New,Organic,Shoes,Category,2025-10-20 14:05:01,0
76,New,Organic,Shoes,Product,2025-10-20 14:14:31,0
76,New,Organic,Shoes,AddToCart,2025-10-20 14:23:49,0
76,New,Organic,Shoes,Checkout,2025-10-20 14:29:44,0
77,New,Referral,Shoes,Home,2025-10-21 03:08:00,0
77,New,Referral,Shoes,Category,2025-10-21 03:16:29,0
77,New,Referral,Shoes,Product,2025-10-21 03:25:11,0
78,Returning,Organic,Shoes,Home,2025-10-21 03:07:00,0
78,Returning,Organic,Shoes,Category,2025-10-21 03:14:40,0
78,Returning,Organic,Shoes,Product,2025-10-21 03:22:46,0
78,Returning,Organic,Shoes,AddToCart,2025-10-21 03:31:51,0
78,Returning,Organic,Shoes,Checkout,2025-10-21 03:37:47,0
79,New,Paid,Watch,Home,2025-10-20 11:29:00,0
79,New,Paid,Watch,Category,2025-10-20 11:34:30,0
80,Returning,Organic,Shoes,Home,2025-10-20 14:12:00,0
81,New,Organic,Jacket,Home,2025-10-20 16:17:00,0
81,New,Organic,Jacket,Category,2025-10-20 16:17:47,0
81,New,Organic,Jacket,Product,2025-10-20 16:19:03,0
82,Returning,Paid,Bag,Home,2025-10-21 04:02:00,0
82,Returning,Paid,Bag,Category,2025-10-21 04:06:11,0
82,Returning,Paid,Bag,Product,2025-10-21 04:15:02,0
82,Returning,Paid,Bag,AddToCart,2025-10-21 04:24:33,0
82,Returning,Paid,Bag,Checkout,2025-10-21 04:29:59,0
83,New,Organic,Watch,Home,2025-10-20 23:03:00,0
83,New,Organic,Watch,Category,2025-10-20 23:07:18,0
83,New,Organic,Watch,Product,2025-10-20 23:10:58,0
83,New,Organic,Watch,AddToCart,2025-10-20 23:18:57,0
83,New,Organic,Watch,Checkout,2025-10-20 23:28:10,0
84,Returning,Organic,Bag,Home,2025-10-21 02:12:00,0
84,Returning,Organic,Bag,Category,2025-10-21 02:14:57,0
84,Returning,Organic,Bag,Product,2025-10-21 02:21:33,0
84,Returning,Organic,Bag,AddToCart,2025-10-21 02:26:33,0
84,Returning,Organic,Bag,Checkout,2025-10-21 02:36:04,0
85,New,Paid,Jacket,Home,2025-10-20 12:59:00,0
85,New,Paid,Jacket,Category,2025-10-20 13:00:26,0
85,New,Paid,Jacket,Product,2025-10-20 13:04:40,0
86,Returning,Organic,Jacket,Home,2025-10-20 13:08:00,0
86,Returning,Organic,Jacket,Category,2025-10-20 13:09:24,0
86,Returning,Organic,Jacket,Product,2025-10-20 13:12:15,0
86,Returning,Organic,Jacket,AddToCart,2025-10-20 13:21:06,0
86,Returning,Organic,Jacket,Checkout,2025-10-20 13:22:52,0
87,New,Organic,Jacket,Home,2025-10-20 13:42:00,0
88,New,Paid,Watch,Home,2025-10-21 00:25:00,0
88,New,Paid,Watch,Category,2025-10-21 00:34:55,0
88,New,Paid,Watch,Product,2025-10-21 00:42:32,0
88,New,Paid,Watch,AddToCart,2025-10-21 00:50:02,0
89,New,Paid,Jacket,Home,2025-10-21 06:29:00,0
90,New,Paid,Bag,Home,2025-10-20 09:53:00,0
91,New,Referral,Shoes,Home,2025-10-20 22:51:00,0
91,New,Referral,Shoes,Category,2025-10-20 22:55:16,0
91,New,Referral,Shoes,Product,2025-10-20 23:01:50,0
92,New,Referral,Watch,Home,2025-10-20 17:57:00,0
92,New,Referral,Watch,Category,2025-10-20 18:04:44,0
92,New,Referral,Watch,Product,2025-10-20 18:10:07,0
93,Returning,Paid,Jacket,Home,2025-10-20 22:51:00,0
93,Returning,Paid,Jacket,Category,2025-10-20 22:59:15,0
93,Returning,Paid,Jacket,Product,2025-10-20 23:04:40,0
93,Returning,Paid,Jacket,AddToCart,2025-10-20 23:06:32,0
93,Returning,Paid,Jacket,Checkout,2025-10-20 23:12:21,1
94,New,Referral,Jacket,Home,2025-10-21 03:19:00,0
94,New,Referral,Jacket,Category,2025-10-21 03:28:40,0
94,New,Referral,Jacket,Product,2025-10-21 03:35:37,0
94,New,Referral,Jacket,AddToCart,2025-10-21 03:38:46,0
94,New,Referral,Jacket,Checkout,2025-10-21 03:46:06,0
95,Returning,Organic,Watch,Home,2025-10-20 23:41:00,0
95,Returning,Organic,Watch,Category,2025-10-20 23:50:50,0
95,Returning,Organic,Watch,Product,2025-10-20 23:58:07,0
96,Returning,Organic,Jacket,Home,2025-10-20 21:06:00,0
96,Returning,Organic,Jacket,Category,2025-10-20 21:07:50,0
96,Returning,Organic,Jacket,Product,2025-10-20 21:10:02,0
97,Returning,Referral,Shoes,Home,2025-10-20 18:54:00,0
97,Returning,Referral,Shoes,Category,2025-10-20 18:56:17,0
98,Returning,Paid,Shoes,Home,2025-10-20 09:49:00,0
98,Returning,Paid,Shoes,Category,2025-10-20 09:51:19,0
99,Returning,Organic,Shoes,Home,2025-10-21 04:35:00,0
100,New,Referral,Jacket,Home,2025-10-21 08:00:00,0
100,New,Referral,Jacket,Category,2025-10-21 08:08:23,0
100,New,Referral,Jacket,Product,2025-10-21 08:13:19,0
100,New,Referral,Jacket,AddToCart,2025-10-21 08:21:24,0
101,New,Organic,Watch,Home,2025-10-20 11:42:00,0
101,New,Organic,Watch,Category,2025-10-20 11:47:07,0
102,New,Organic,Bag,Home,2025-10-20 11:57:00,0
102,New,Organic,Bag,Category,2025-10-20 12:03:40,0
103,New,Referral,Bag,Home,2025-10-20 21:00:00,0
103,New,Referral,Bag,Category,2025-10-20 21:01:29,0
103,New,Referral,Bag,Product,2025-10-20 21:09:34,0
103,New,Referral,Bag,AddToCart,2025-10-20 21:19:33,0
103,New,Referral,Bag,Checkout,2025-10-20 21:27:59,1
104,Returning,Organic,Bag,Home,2025-10-21 00:48:00,0
104,Returning,Organic,Bag,Category,2025-10-21 00:50:39,0
104,Returning,Organic,Bag,Product,2025-10-21 00:56:12,0
105,New,Referral,Bag,Home,2025-10-21 07:52:00,0
105,New,Referral,Bag,Category,2025-10-21 07:58:31,0
106,New,Organic,Bag,Home,2025-10-21 03:48:00,0
106,New,Organic,Bag,Category,2025-10-21 03:57:33,0
106,New,Organic,Bag,Product,2025-10-21 04:03:14,0
106,New,Organic,Bag,AddToCart,2025-10-21 04:06:43,0
107,Returning,Paid,Watch,Home,2025-10-20 20:01:00,0
108,Returning,Paid,Bag,Home,2025-10-21 02:01:00,0
108,Returning,Paid,Bag,Category,2025-10-21 02:03:59,0
108,Returning,Paid,Bag,Product,2025-10-21 02:06:47,0
109,Returning,Referral,Shoes,Home,2025-10-21 03:13:00,0
110,New,Organic,Watch,Home,2025-10-20 14:51:00,0
110,New,Organic,Watch,Category,2025-10-20 14:59:14,0
110,New,Organic,Watch,Product,2025-10-20 15:00:25,0
110,New,Organic,Watch,AddToCart,2025-10-20 15:03:59,0
110,New,Organic,Watch,Checkout,2025-10-20 15:06:29,0
111,New,Paid,Shoes,Home,2025-10-21 04:56:00,0
112,New,Organic,Bag,Home,2025-10-21 07:16:00,0
112,New,Organic,Bag,Category,2025-10-21 07:23:53,0
112,New,Organic,Bag,Product,2025-10-21 07:25:21,0
112,New,Organic,Bag,AddToCart,2025-10-21 07:34:56,0
112,New,Organic,Bag,Checkout,2025-10-21 07:42:18,0
113,Returning,Organic,Jacket,Home,2025-10-20 09:27:00,0
113,Returning,Organic,Jacket,Category,2025-10-20 09:31:54,0
113,Returning,Organic,Jacket,Product,2025-10-20 09:41:00,0
113,Returning,Organic,Jacket,AddToCart,2025-10-20 09:44:33,0
114,New,Organic,Watch,Home,2025-10-20 12:15:00,0
114,New,Organic,Watch,Category,2025-10-20 12:23:27,0
115,New,Organic,Watch,Home,2025-10-20 23:28:00,0
115,New,Organic,Watch,Category,2025-10-20 23:37:49,0
116,Returning,Referral,Bag,Home,2025-10-20 13:07:00,0
117,New,Organic,Bag,Home,2025-10-20 13:14:00,0
117,New,Organic,Bag,Category,2025-10-20 13:18:28,0
117,New,Organic,Bag,Product,2025-10-20 13:25:05,0
117,New,Organic,Bag,AddToCart,2025-10-20 13:31:00,0
117,New,Organic,Bag,Checkout,2025-10-20 13:38:57,0
118,New,Paid,Shoes,Home,2025-10-20 13:34:00,0
118,New,Paid,Shoes,Category,2025-10-20 13:41:20,0
118,New,Paid,Shoes,Product,2025-10-20 13:46:00,0
119,New,Paid,Jacket,Home,2025-10-21 07:31:00,0
119,New,Paid,Jacket,Category,2025-10-21 07:37:30,0
119,New,Paid,Jacket,Product,2025-10-21 07:38:33,0
120,Returning,Organic,Bag,Home,2025-10-20 15:44:00,0
121,New,Paid,Watch,Home,2025-10-20 17:51:00,0
121,New,Paid,Watch,Category,2025-10-20 18:00:29,0
122,New,Organic,Jacket,Home,2025-10-20 13:33:00,0
122,New,Organic,Jacket,Category,2025-10-20 13:40:18,0
122,New,Organic,Jacket,Product,2025-10-20 13:49:10,0
122,New,Organic,Jacket,AddToCart,2025-10-20 13:55:15,0
123,Returning,Paid,Bag,Home,2025-10-20 18:56:00,0
123,Returning,Paid,Bag,Category,2025-10-20 19:05:02,0
123,Returning,Paid,Bag,Product,2025-10-20 19:10:42,0
123,Returning,Paid,Bag,AddToCart,2025-10-20 19:13:54,0
123,Returning,Paid,Bag,Checkout,2025-10-20 19:23:03,1
124,New,Organic,Watch,Home,2025-10-20 20:08:00,0
124,New,Organic,Watch,Category,2025-10-20 20:09:43,0
124,New,Organic,Watch,Product,2025-10-20 20:15:50,0
124,New,Organic,Watch,AddToCart,2025-10-20 20:16:34,0
125,New,Organic,Shoes,Home,2025-10-21 02:22:00,0
125,New,Organic,Shoes,Category,2025-10-21 02:23:06,0
125,New,Organic,Shoes,Product,2025-10-21 02:27:28,0
126,New,Organic,Watch,Home,2025-10-21 04:26:00,0
126,New,Organic,Watch,Category,2025-10-21 04:35:55,0
126,New,Organic,Watch,Product,2025-10-21 04:41:32,0
126,New,Organic,Watch,AddToCart,2025-10-21 04:45:16,0
126,New,Organic,Watch,Checkout,2025-10-21 04:52:56,0
127,New,Organic,Bag,Home,2025-10-20 20:40:00,0
127,New,Organic,Bag,Category,2025-10-20 20:44:37,0
127,New,Organic,Bag,Product,2025-10-20 20:53:20,0
128,Returning,Organic,Jacket,Home,2025-10-21 05:18:00,0
128,Returning,Organic,Jacket,Category,2025-10-21 05:19:58,0
129,New,Paid,Jacket,Home,2025-10-21 03:33:00,0
129,New,Paid,Jacket,Category,2025-10-21 03:39:23,0
129,New,Paid,Jacket,Product,2025-10-21 03:46:44,0
130,Returning,Paid,Shoes,Home,2025-10-20 11:31:00,0
130,Returning,Paid,Shoes,Category,2025-10-20 11:35:23,0
131,Returning,Paid,Bag,Home,2025-10-21 01:39:00,0
131,Returning,Paid,Bag,Category,2025-10-21 01:47:01,0
131,Returning,Paid,Bag,Product,2025-10-21 01:55:14,0
132,Returning,Organic,Bag,Home,2025-10-21 07:04:00,0
132,Returning,Organic,Bag,Category,2025-10-21 07:11:06,0
132,Returning,Organic,Bag,Product,2025-10-21 07:11:38,0
133,New,Paid,Shoes,Home,2025-10-21 04:37:00,0
133,New,Paid,Shoes,Category,2025-10-21 04:44:11,0
134,New,Organic,Watch,Home,2025-10-20 17:02:00,0
134,New,Organic,Watch,Category,2025-10-20 17:05:54,0
134,New,Organic,Watch,Product,2025-10-20 17:06:51,0
135,New,Referral,Jacket,Home,2025-10-21 07:26:00,0
135,New,Referral,Jacket,Category,2025-10-21 07:33:55,0
136,New,Organic,Bag,Home,2025-10-20 14:18:00,0
136,New,Organic,Bag,Category,2025-10-20 14:24:18,0
137,New,Organic,Shoes,Home,2025-10-21 02:37:00,0
137,New,Organic,Shoes,Category,2025-10-21 02:43:30,0
137,New,Organic,Shoes,Product,2025-10-21 02:47:30,0
138,New,Paid,Bag,Home,2025-10-20 19:32:00,0
138,New,Paid,Bag,Category,2025-10-20 19:39:42,0
139,New,Paid,Bag,Home,2025-10-21 05:19:00,0
139,New,Paid,Bag,Category,2025-10-21 05:28:22,0
139,New,Paid,Bag,Product,2025-10-21 05:38:04,0
140,New,Organic,Watch,Home,2025-10-21 06:37:00,0
140,New,Organic,Watch,Category,2025-10-21 06:45:37,0
141,New,Referral,Shoes,Home,2025-10-21 00:39:00,0
141,New,Referral,Shoes,Category,2025-10-21 00:41:27,0
141,New,Referral,Shoes,Product,2025-10-21 00:51:27,0
142,New,Paid,Jacket,Home,2025-10-20 15:41:00,0
142,New,Paid,Jacket,Category,2025-10-20 15:44:49,0
142,New,Paid,Jacket,Product,2025-10-20 15:47:05,0
142,New,Paid,Jacket,AddToCart,2025-10-20 15:52:26,0
142,New,Paid,Jacket,Checkout,2025-10-20 15:57:34,1
143,New,Organic,Jacket,Home,2025-10-20 23:36:00,0
144,New,Referral,Jacket,Home,2025-10-20 14:59:00,0
144,New,Referral,Jacket,Category,2025-10-20 15:05:43,0
144,New,Referral,Jacket,Product,2025-10-20 15:10:01,0
144,New,Referral,Jacket,AddToCart,2025-10-20 15:13:26,0
145,New,Paid,Shoes,Home,2025-10-21 06:58:00,0
145,New,Paid,Shoes,Category,2025-10-21 07:04:53,0
145,New,Paid,Shoes,Product,2025-10-21 07:14:33,0
145,New,Paid,Shoes,AddToCart,2025-10-21 07:19:50,0
146,Returning,Referral,Jacket,Home,2025-10-21 06:03:00,0
146,Returning,Referral,Jacket,Category,2025-10-21 06:09:12,0
146,Returning,Referral,Jacket,Product,2025-10-21 06:14:24,0
146,Returning,Referral,Jacket,AddToCart,2025-10-21 06:17:21,0
146,Returning,Referral,Jacket,Checkout,2025-10-21 06:21:30,1
147,New,Referral,Bag,Home,2025-10-20 16:15:00,0
147,New,Referral,Bag,Category,2025-10-20 16:17:32,0
148,New,Organic,Jacket,Home,2025-10-21 00:10:00,0
148,New,Organic,Jacket,Category,2025-10-21 00:11:56,0
148,New,Organic,Jacket,Product,2025-10-21 00:21:19,0
149,New,Organic,Watch,Home,2025-10-20 08:47:00,0
149,New,Organic,Watch,Category,2025-10-20 08:48:45,0
150,New,Organic,Bag,Home,2025-10-20 21:13:00,0
150,New,Organic,Bag,Category,2025-10-20 21:17:27,0
150,New,Organic,Bag,Product,2025-10-20 21:23:27,0
150,New,Organic,Bag,AddToCart,2025-10-20 21:32:14,0
150,New,Organic,Bag,Checkout,2025-10-20 21:40:52,0
151,New,Referral,Bag,Home,2025-10-20 10:48:00,0
152,New,Organic,Watch,Home,2025-10-20 15:37:00,0
152,New,Organic,Watch,Category,2025-10-20 15:44:51,0
152,New,Organic,Watch,Product,2025-10-20 15:50:02,0
152,New,Organic,Watch,AddToCart,2025-10-20 15:55:43,0
153,New,Paid,Shoes,Home,2025-10-20 12:53:00,0
154,Returning,Organic,Shoes,Home,2025-10-21 00:34:00,0
154,Returning,Organic,Shoes,Category,2025-10-21 00:40:56,0
154,Returning,Organic,Shoes,Product,2025-10-21 00:49:20,0
154,Returning,Organic,Shoes,AddToCart,2025-10-21 00:55:55,0
154,Returning,Organic,Shoes,Checkout,2025-10-21 01:00:54,1
155,Returning,Organic,Bag,Home,2025-10-21 02:26:00,0
155,Returning,Organic,Bag,Category,2025-10-21 02:34:12,0
155,Returning,Organic,Bag,Product,2025-10-21 02:43:06,0
156,New,Paid,Watch,Home,2025-10-20 16:23:00,0
157,Returning,Organic,Bag,Home,2025-10-20 20:46:00,0
157,Returning,Organic,Bag,Category,2025-10-20 20:53:14,0
157,Returning,Organic,Bag,Product,2025-10-20 20:56:58,0
158,New,Paid,Watch,Home,2025-10-20 19:17:00,0
158,New,Paid,Watch,Category,2025-10-20 19:18:37,0
158,New,Paid,Watch,Product,2025-10-20 19:23:58,0
158,New,Paid,Watch,AddToCart,2025-10-20 19:30:14,0
158,New,Paid,Watch,Checkout,2025-10-20 19:39:42,0
159,Returning,Referral,Shoes,Home,2025-10-21 07:53:00,0
159,Returning,Referral,Shoes,Category,2025-10-21 07:58:27,0
159,Returning,Referral,Shoes,Product,2025-10-21 08:03:24,0
160,New,Paid,Watch,Home,2025-10-20 20:21:00,0
160,New,Paid,Watch,Category,2025-10-20 20:29:05,0
161,New,Referral,Bag,Home,2025-10-21 03:14:00,0
161,New,Referral,Bag,Category,2025-10-21 03:19:46,0
161,New,Referral,Bag,Product,2025-10-21 03:20:59,0
161,New,Referral,Bag,AddToCart,2025-10-21 03:28:12,0
162,New,Organic,Shoes,Home,2025-10-20 10:24:00,0
163,Returning,Organic,Jacket,Home,2025-10-20 14:37:00,0
163,Returning,Organic,Jacket,Category,2025-10-20 14:41:23,0
164,Returning,Referral,Shoes,Home,2025-10-21 03:40:00,0
164,Returning,Referral,Shoes,Category,2025-10-21 03:43:20,0
165,New,Referral,Jacket,Home,2025-10-20 12:39:00,0
165,New,Referral,Jacket,Category,2025-10-20 12:42:23,0
165,New,Referral,Jacket,Product,2025-10-20 12:45:40,0
165,New,Referral,Jacket,AddToCart,2025-10-20 12:53:53,0
166,New,Organic,Jacket,Home,2025-10-21 05:23:00,0
166,New,Organic,Jacket,Category,2025-10-21 05:32:25,0
166,New,Organic,Jacket,Product,2025-10-21 05:36:14,0
167,New,Organic,Shoes,Home,2025-10-20 16:19:00,0
167,New,Organic,Shoes,Category,2025-10-20 16:28:25,0
167,New,Organic,Shoes,Product,2025-10-20 16:32:09,0
167,New,Organic,Shoes,AddToCart,2025-10-20 16:37:27,0
168,New,Organic,Shoes,Home,2025-10-20 13:31:00,0
168,New,Organic,Shoes,Category,2025-10-20 13:39:33,0
168,New,Organic,Shoes,Product,2025-10-20 13:41:18,0
168,New,Organic,Shoes,AddToCart,2025-10-20 13:43:36,0
168,New,Organic,Shoes,Checkout,2025-10-20 13:51:10,0
169,Returning,Paid,Shoes,Home,2025-10-20 08:21:00,0
169,Returning,Paid,Shoes,Category,2025-10-20 08:26:20,0
170,Returning,Referral,Bag,Home,2025-10-21 05:58:00,0
170,Returning,Referral,Bag,Category,2025-10-21 06:04:20,0
170,Returning,Referral,Bag,Product,2025-10-21 06:10:56,0
170,Returning,Referral,Bag,AddToCart,2025-10-21 06:15:16,0
170,Returning,Referral,Bag,Checkout,2025-10-21 06:20:33,0
171,New,Organic,Watch,Home,2025-10-20 08:16:00,0
171,New,Organic,Watch,Category,2025-10-20 08:18:11,0
171,New,Organic,Watch,Product,2025-10-20 08:19:40,0
171,New,Organic,Watch,AddToCart,2025-10-20 08:28:30,0
172,New,Paid,Watch,Home,2025-10-20 18:27:00,0
172,New,Paid,Watch,Category,2025-10-20 18:33:37,0
173,New,Paid,Jacket,Home,2025-10-20 20:01:00,0
173,New,Paid,Jacket,Category,2025-10-20 20:05:39,0
173,New,Paid,Jacket,Product,2025-10-20 20:15:18,0
173,New,Paid,Jacket,AddToCart,2025-10-20 20:17:45,0
173,New,Paid,Jacket,Checkout,2025-10-20 20:26:52,0
174,Returning,Referral,Bag,Home,2025-10-20 23:35:00,0
175,Returning,Organic,Bag,Home,2025-10-21 01:53:00,0
175,Returning,Organic,Bag,Category,2025-10-21 01:53:52,0
175,Returning,Organic,Bag,Product,2025-10-21 01:57:34,0
175,Returning,Organic,Bag,AddToCart,2025-10-21 02:04:48,0
176,Returning,Organic,Shoes,Home,2025-10-20 17:07:00,0
176,Returning,Organic,Shoes,Category,2025-10-20 17:08:38,0
177,New,Referral,Jacket,Home,2025-10-20 16:38:00,0
177,New,Referral,Jacket,Category,2025-10-20 16:41:15,0
177,New,Referral,Jacket,Product,2025-10-20 16:44:02,0
178,Returning,Referral,Shoes,Home,2025-10-20 20:18:00,0
178,Returning,Referral,Shoes,Category,2025-10-20 20:24:50,0
178,Returning,Referral,Shoes,Product,2025-10-20 20:26:34,0
179,Returning,Referral,Jacket,Home,2025-10-20 22:38:00,0
179,Returning,Referral,Jacket,Category,2025-10-20 22:39:49,0
180,New,Paid,Watch,Home,2025-10-21 04:29:00,0
181,Returning,Paid,Watch,Home,2025-10-20 21:52:00,0
181,Returning,Paid,Watch,Category,2025-10-20 21:57:40,0
181,Returning,Paid,Watch,Product,2025-10-20 22:05:05,0
182,New,Organic,Bag,Home,2025-10-20 15:44:00,0
182,New,Organic,Bag,Category,2025-10-20 15:51:13,0
182,New,Organic,Bag,Product,2025-10-20 15:59:24,0
183,New,Organic,Jacket,Home,2025-10-21 01:23:00,0
183,New,Organic,Jacket,Category,2025-10-21 01:26:07,0
184,New,Paid,Jacket,Home,2025-10-21 06:24:00,0
184,New,Paid,Jacket,Category,2025-10-21 06:30:41,0
184,New,Paid,Jacket,Product,2025-10-21 06:37:10,0
184,New,Paid,Jacket,AddToCart,2025-10-21 06:46:22,0
184,New,Paid,Jacket,Checkout,2025-10-21 06:53:57,1
185,New,Paid,Shoes,Home,2025-10-20 08:29:00,0
186,New,Organic,Shoes,Home,2025-10-20 18:20:00,0
186,New,Organic,Shoes,Category,2025-10-20 18:25:02,0
186,New,Organic,Shoes,Product,2025-10-20 18:28:22,0
187,New,Organic,Jacket,Home,2025-10-21 02:09:00,0
187,New,Organic,Jacket,Category,2025-10-21 02:12:10,0
187,New,Organic,Jacket,Product,2025-10-21 02:13:30,0
188,New,Organic,Bag,Home,2025-10-20 08:11:00,0
188,New,Organic,Bag,Category,2025-10-20 08:12:39,0
188,New,Organic,Bag,Product,2025-10-20 08:17:26,0
189,New,Referral,Shoes,Home,2025-10-21 07:42:00,0
189,New,Referral,Shoes,Category,2025-10-21 07:48:40,0
189,New,Referral,Shoes,Product,2025-10-21 07:50:15,0
190,New,Organic,Shoes,Home,2025-10-20 09:01:00,0
190,New,Organic,Shoes,Category,2025-10-20 09:09:08,0
190,New,Organic,Shoes,Product,2025-10-20 09:10:50,0
191,Returning,Organic,Watch,Home,2025-10-20 16:07:00,0
191,Returning,Organic,Watch,Category,2025-10-20 16:13:33,0
191,Returning,Organic,Watch,Product,2025-10-20 16:17:14,0
192,New,Organic,Watch,Home,2025-10-20 17:45:00,0
192,New,Organic,Watch,Category,2025-10-20 17:51:01,0
192,New,Organic,Watch,Product,2025-10-20 17:53:23,0
192,New,Organic,Watch,AddToCart,2025-10-20 17:58:11,0
193,New,Paid,Watch,Home,2025-10-20 20:39:00,0
193,New,Paid,Watch,Category,2025-10-20 20:46:57,0
193,New,Paid,Watch,Product,2025-10-20 20:54:36,0
194,Returning,Paid,Watch,Home,2025-10-20 18:43:00,0
194,Returning,Paid,Watch,Category,2025-10-20 18:44:05,0
195,Returning,Organic,Jacket,Home,2025-10-20 20:17:00,0
195,Returning,Organic,Jacket,Category,2025-10-20 20:25:37,0
196,Returning,Organic,Bag,Home,2025-10-20 12:15:00,0
196,Returning,Organic,Bag,Category,2025-10-20 12:18:41,0
196,Returning,Organic,Bag,Product,2025-10-20 12:20:25,0
197,New,Paid,Jacket,Home,2025-10-20 19:56:00,0
197,New,Paid,Jacket,Category,2025-10-20 19:59:45,0
197,New,Paid,Jacket,Product,2025-10-20 20:01:31,0
197,New,Paid,Jacket,AddToCart,2025-10-20 20:10:58,0
198,New,Paid,Jacket,Home,2025-10-20 23:26:00,0
198,New,Paid,Jacket,Category,2025-10-20 23:32:23,0
198,New,Paid,Jacket,Product,2025-10-20 23:39:16,0
199,New,Paid,Jacket,Home,2025-10-21 01:29:00,0
199,New,Paid,Jacket,Category,2025-10-21 01:37:18,0
200,New,Organic,Watch,Home,2025-10-20 11:02:00,0
200,New,Organic,Watch,Category,2025-10-20 11:04:28,0
201,New,Paid,Shoes,Home,2025-10-20 11:32:00,0
201,New,Paid,Shoes,Category,2025-10-20 11:41:54,0
201,New,Paid,Shoes,Product,2025-10-20 11:51:24,0
202,New,Paid,Jacket,Home,2025-10-20 23:44:00,0
203,New,Referral,Shoes,Home,2025-10-21 00:16:00,0
203,New,Referral,Shoes,Category,2025-10-21 00:19:26,0
203,New,Referral,Shoes,Product,2025-10-21 00:21:41,0
204,Returning,Organic,Shoes,Home,2025-10-20 12:57:00,0
204,Returning,Organic,Shoes,Category,2025-10-20 13:02:48,0
204,Returning,Organic,Shoes,Product,2025-10-20 13:11:26,0
205,New,Organic,Jacket,Home,2025-10-20 10:54:00,0
205,New,Organic,Jacket,Category,2025-10-20 11:03:19,0
205,New,Organic,Jacket,Product,2025-10-20 11:07:15,0
205,New,Organic,Jacket,AddToCart,2025-10-20 11:11:44,0
205,New,Organic,Jacket,Checkout,2025-10-20 11:21:32,1
206,Returning,Paid,Shoes,Home,2025-10-20 13:57:00,0
206,Returning,Paid,Shoes,Category,2025-10-20 14:01:28,0
206,Returning,Paid,Shoes,Product,2025-10-20 14:05:13,0
207,New,Organic,Shoes,Home,2025-10-20 23:48:00,0
207,New,Organic,Shoes,Category,2025-10-20 23:55:05,0
208,New,Referral,Watch,Home,2025-10-20 09:07:00,0
208,New,Referral,Watch,Category,2025-10-20 09:13:08,0
209,New,Organic,Bag,Home,2025-10-20 16:21:00,0
209,New,Organic,Bag,Category,2025-10-20 16:21:45,0
210,Returning,Paid,Shoes,Home,2025-10-20 14:35:00,0
210,Returning,Paid,Shoes,Category,2025-10-20 14:41:29,0
210,Returning,Paid,Shoes,Product,2025-10-20 14:50:55,0
211,New,Organic,Shoes,Home,2025-10-20 09:23:00,0
212,New,Organic,Jacket,Home,2025-10-20 23:30:00,0
213,Returning,Referral,Bag,Home,2025-10-20 22:45:00,0
213,Returning,Referral,Bag,Category,2025-10-20 22:45:33,0
213,Returning,Referral,Bag,Product,2025-10-20 22:48:38,0
214,Returning,Paid,Shoes,Home,2025-10-21 00:13:00,0
214,Returning,Paid,Shoes,Category,2025-10-21 00:14:04,0
214,Returning,Paid,Shoes,Product,2025-10-21 00:21:15,0
215,Returning,Referral,Shoes,Home,2025-10-20 12:34:00,0
215,Returning,Referral,Shoes,Category,2025-10-20 12:42:33,0
215,Returning,Referral,Shoes,Product,2025-10-20 12:51:49,0
215,Returning,Referral,Shoes,AddToCart,2025-10-20 13:01:10,0
216,New,Organic,Shoes,Home,2025-10-20 12:54:00,0
216,New,Organic,Shoes,Category,2025-10-20 13:01:31,0
216,New,Organic,Shoes,Product,2025-10-20 13:05:06,0
217,Returning,Paid,Bag,Home,2025-10-20 15:39:00,0
217,Returning,Paid,Bag,Category,2025-10-20 15:43:04,0
218,Returning,Paid,Bag,Home,2025-10-21 06:50:00,0
218,Returning,Paid,Bag,Category,2025-10-21 06:50:48,0
219,New,Organic,Bag,Home,2025-10-21 02:20:00,0
219,New,Organic,Bag,Category,2025-10-21 02:21:44,0
219,New,Organic,Bag,Product,2025-10-21 02:30:18,0
219,New,Organic,Bag,AddToCart,2025-10-21 02:36:58,0
219,New,Organic,Bag,Checkout,2025-10-21 02:43:05,1
220,New,Organic,Watch,Home,2025-10-21 01:19:00,0
220,New,Organic,Watch,Category,2025-10-21 01:28:50,0
221,New,Referral,Bag,Home,2025-10-20 10:29:00,0
221,New,Referral,Bag,Category,2025-10-20 10:30:55,0
221,New,Referral,Bag,Product,2025-10-20 10:36:10,0
221,New,Referral,Bag,AddToCart,2025-10-20 10:41:34,0
222,Returning,Organic,Watch,Home,2025-10-21 07:05:00,0
222,Returning,Organic,Watch,Category,2025-10-21 07:11:40,0
222,Returning,Organic,Watch,Product,2025-10-21 07:21:36,0
222,Returning,Organic,Watch,AddToCart,2025-10-21 07:26:08,0
222,Returning,Organic,Watch,Checkout,2025-10-21 07:26:46,0
223,New,Organic,Watch,Home,2025-10-20 19:47:00,0
224,New,Paid,Bag,Home,2025-10-21 06:35:00,0
224,New,Paid,Bag,Category,2025-10-21 06:38:31,0
224,New,Paid,Bag,Product,2025-10-21 06:39:32,0
225,Returning,Organic,Bag,Home,2025-10-20 09:18:00,0
226,New,Referral,Bag,Home,2025-10-21 00:49:00,0
226,New,Referral,Bag,Category,2025-10-21 00:53:00,0
227,New,Organic,Watch,Home,2025-10-21 04:05:00,0
227,New,Organic,Watch,Category,2025-10-21 04:11:58,0
228,New,Paid,Shoes,Home,2025-10-20 20:39:00,0
228,New,Paid,Shoes,Category,2025-10-20 20:42:40,0
228,New,Paid,Shoes,Product,2025-10-20 20:50:33,0
229,New,Paid,Jacket,Home,2025-10-20 23:38:00,0
229,New,Paid,Jacket,Category,2025-10-20 23:45:07,0
230,New,Paid,Shoes,Home,2025-10-20 13:19:00,0
230,New,Paid,Shoes,Category,2025-10-20 13:21:47,0
231,Returning,Organic,Jacket,Home,2025-10-21 04:26:00,0
231,Returning,Organic,Jacket,Category,2025-10-21 04:27:29,0
232,Returning,Paid,Jacket,Home,2025-10-20 22:15:00,0
232,Returning,Paid,Jacket,Category,2025-10-20 22:17:50,0
232,Returning,Paid,Jacket,Product,2025-10-20 22:20:40,0
232,Returning,Paid,Jacket,AddToCart,2025-10-20 22:25:57,0
233,New,Referral,Shoes,Home,2025-10-20 08:36:00,0
233,New,Referral,Shoes,Category,2025-10-20 08:44:47,0
234,New,Organic,Watch,Home,2025-10-20 19:58:00,0
234,New,Organic,Watch,Category,2025-10-20 20:01:03,0
234,New,Organic,Watch,Product,2025-10-20 20:03:26,0
234,New,Organic,Watch,AddToCart,2025-10-20 20:09:03,0
235,New,Organic,Shoes,Home,2025-10-20 12:30:00,0
235,New,Organic,Shoes,Category,2025-10-20 12:33:41,0
235,New,Organic,Shoes,Product,2025-10-20 12:39:53,0
236,New,Paid,Watch,Home,2025-10-20 23:15:00,0
236,New,Paid,Watch,Category,2025-10-20 23:23:28,0
237,New,Paid,Jacket,Home,2025-10-20 20:56:00,0
237,New,Paid,Jacket,Category,2025-10-20 21:02:34,0
237,New,Paid,Jacket,Product,2025-10-20 21:09:34,0
238,New,Organic,Jacket,Home,2025-10-20 18:12:00,0
238,New,Organic,Jacket,Category,2025-10-20 18:13:30,0
238,New,Organic,Jacket,Product,2025-10-20 18:19:45,0
238,New,Organic,Jacket,AddToCart,2025-10-20 18:26:22,0
239,New,Paid,Bag,Home,2025-10-20 15:00:00,0
240,New,Organic,Shoes,Home,2025-10-20 10:19:00,0
240,New,Organic,Shoes,Category,2025-10-20 10:28:14,0
240,New,Organic,Shoes,Product,2025-10-20 10:37:09,0
240,New,Organic,Shoes,AddToCart,2025-10-20 10:41:33,0
241,New,Organic,Shoes,Home,2025-10-20 20:22:00,0
242,New,Paid,Shoes,Home,2025-10-20 13:13:00,0
243,New,Organic,Bag,Home,2025-10-20 20:20:00,0
243,New,Organic,Bag,Category,2025-10-20 20:29:56,0
244,New,Organic,Watch,Home,2025-10-20 23:28:00,0
244,New,Organic,Watch,Category,2025-10-20 23:31:49,0
244,New,Organic,Watch,Product,2025-10-20 23:35:49,0
244,New,Organic,Watch,AddToCart,2025-10-20 23:39:55,0
245,New,Paid,Shoes,Home,2025-10-20 22:05:00,0
245,New,Paid,Shoes,Category,2025-10-20 22:08:11,0
246,New,Paid,Watch,Home,2025-10-21 03:56:00,0
247,Returning,Organic,Bag,Home,2025-10-20 21:52:00,0
247,Returning,Organic,Bag,Category,2025-10-20 21:58:23,0
247,Returning,Organic,Bag,Product,2025-10-20 22:05:54,0
247,Returning,Organic,Bag,AddToCart,2025-10-20 22:10:43,0
247,Returning,Organic,Bag,Checkout,2025-10-20 22:19:26,0
248,Returning,Organic,Watch,Home,2025-10-21 06:09:00,0
248,Returning,Organic,Watch,Category,2025-10-21 06:12:14,0
249,New,Organic,Watch,Home,2025-10-21 01:35:00,0
249,New,Organic,Watch,Category,2025-10-21 01:37:10,0
250,Returning,Organic,Jacket,Home,2025-10-20 08:11:00,0
250,Returning,Organic,Jacket,Category,2025-10-20 08:17:35,0
250,Returning,Organic,Jacket,Product,2025-10-20 08:21:25,0
250,Returning,Organic,Jacket,AddToCart,2025-10-20 08:29:46,0
251,New,Organic,Shoes,Home,2025-10-21 02:47:00,0
251,New,Organic,Shoes,Category,2025-10-21 02:56:04,0
252,New,Organic,Watch,Home,2025-10-21 03:37:00,0
252,New,Organic,Watch,Category,2025-10-21 03:40:57,0
252,New,Organic,Watch,Product,2025-10-21 03:49:37,0
253,Returning,Referral,Bag,Home,2025-10-20 13:30:00,0
253,Returning,Referral,Bag,Category,2025-10-20 13:37:47,0
253,Returning,Referral,Bag,Product,2025-10-20 13:41:03,0
253,Returning,Referral,Bag,AddToCart,2025-10-20 13:47:20,0
254,Returning,Organic,Bag,Home,2025-10-20 20:53:00,0
254,Returning,Organic,Bag,Category,2025-10-20 20:59:12,0
254,Returning,Organic,Bag,Product,2025-10-20 21:09:01,0
254,Returning,Organic,Bag,AddToCart,2025-10-20 21:16:41,0
254,Returning,Organic,Bag,Checkout,2025-10-20 21:21:37,0
255,New,Paid,Watch,Home,2025-10-21 07:22:00,0
255,New,Paid,Watch,Category,2025-10-21 07:27:55,0
255,New,Paid,Watch,Product,2025-10-21 07:32:47,0
256,New,Paid,Jacket,Home,2025-10-20 15:44:00,0
256,New,Paid,Jacket,Category,2025-10-20 15:48:32,0
257,New,Organic,Watch,Home,2025-10-21 05:40:00,0
257,New,Organic,Watch,Category,2025-10-21 05:43:08,0
257,New,Organic,Watch,Product,2025-10-21 05:48:39,0
257,New,Organic,Watch,AddToCart,2025-10-21 05:52:41,0
257,New,Organic,Watch,Checkout,2025-10-21 05:54:47,0
258,New,Paid,Shoes,Home,2025-10-20 23:02:00,0
258,New,Paid,Shoes,Category,2025-10-20 23:11:14,0
258,New,Paid,Shoes,Product,2025-10-20 23:13:01,0
258,New,Paid,Shoes,AddToCart,2025-10-20 23:18:39,0
259,Returning,Paid,Jacket,Home,2025-10-20 08:30:00,0
259,Returning,Paid,Jacket,Category,2025-10-20 08:38:07,0
259,Returning,Paid,Jacket,Product,2025-10-20 08:41:10,0
260,New,Paid,Bag,Home,2025-10-20 18:20:00,0
260,New,Paid,Bag,Category,2025-10-20 18:25:41,0
260,New,Paid,Bag,Product,2025-10-20 18:31:15,0
260,New,Paid,Bag,AddToCart,2025-10-20 18:34:03,0
260,New,Paid,Bag,Checkout,2025-10-20 18:35:10,0
261,New,Paid,Bag,Home,2025-10-20 15:21:00,0
261,New,Paid,Bag,Category,2025-10-20 15:23:35,0
261,New,Paid,Bag,Product,2025-10-20 15:28:17,0
261,New,Paid,Bag,AddToCart,2025-10-20 15:30:54,0
262,New,Paid,Jacket,Home,2025-10-20 09:38:00,0
262,New,Paid,Jacket,Category,2025-10-20 09:45:08,0
262,New,Paid,Jacket,Product,2025-10-20 09:47:52,0
262,New,Paid,Jacket,AddToCart,2025-10-20 09:50:29,0
263,New,Organic,Bag,Home,2025-10-20 17:14:00,0
263,New,Organic,Bag,Category,2025-10-20 17:16:19,0
263,New,Organic,Bag,Product,2025-10-20 17:23:34,0
264,Returning,Paid,Watch,Home,2025-10-20 12:23:00,0
264,Returning,Paid,Watch,Category,2025-10-20 12:32:21,0
264,Returning,Paid,Watch,Product,2025-10-20 12:39:35,0
265,New,Referral,Shoes,Home,2025-10-20 14:35:00,0
265,New,Referral,Shoes,Category,2025-10-20 14:43:26,0
266,Returning,Organic,Shoes,Home,2025-10-20 20:21:00,0
266,Returning,Organic,Shoes,Category,2025-10-20 20:26:40,0
266,Returning,Organic,Shoes,Product,2025-10-20 20:35:34,0
267,New,Organic,Jacket,Home,2025-10-21 06:27:00,0
267,New,Organic,Jacket,Category,2025-10-21 06:33:46,0
267,New,Organic,Jacket,Product,2025-10-21 06:34:48,0
267,New,Organic,Jacket,AddToCart,2025-10-21 06:41:51,0
267,New,Organic,Jacket,Checkout,2025-10-21 06:42:31,1
268,Returning,Organic,Bag,Home,2025-10-21 06:05:00,0
268,Returning,Organic,Bag,Category,2025-10-21 06:10:34,0
268,Returning,Organic,Bag,Product,2025-10-21 06:13:30,0
268,Returning,Organic,Bag,AddToCart,2025-10-21 06:19:22,0
269,New,Referral,Watch,Home,2025-10-20 18:56:00,0
269,New,Referral,Watch,Category,2025-10-20 18:59:15,0
269,New,Referral,Watch,Product,2025-10-20 19:02:12,0
270,New,Organic,Shoes,Home,2025-10-20 16:32:00,0
270,New,Organic,Shoes,Category,2025-10-20 16:33:09,0
270,New,Organic,Shoes,Product,2025-10-20 16:41:08,0
271,Returning,Organic,Bag,Home,2025-10-20 17:44:00,0
271,Returning,Organic,Bag,Category,2025-10-20 17:48:48,0
271,Returning,Organic,Bag,Product,2025-10-20 17:55:21,0
271,Returning,Organic,Bag,AddToCart,2025-10-20 17:56:51,0
271,Returning,Organic,Bag,Checkout,2025-10-20 17:57:22,0
272,New,Referral,Watch,Home,2025-10-20 20:18:00,0
272,New,Referral,Watch,Category,2025-10-20 20:24:30,0
272,New,Referral,Watch,Product,2025-10-20 20:27:21,0
272,New,Referral,Watch,AddToCart,2025-10-20 20:28:22,0
272,New,Referral,Watch,Checkout,2025-10-20 20:36:58,1
273,Returning,Organic,Jacket,Home,2025-10-20 10:51:00,0
273,Returning,Organic,Jacket,Category,2025-10-20 10:58:29,0
273,Returning,Organic,Jacket,Product,2025-10-20 11:05:46,0
273,Returning,Organic,Jacket,AddToCart,2025-10-20 11:14:38,0
273,Returning,Organic,Jacket,Checkout,2025-10-20 11:21:01,1
274,Returning,Referral,Bag,Home,2025-10-20 08:03:00,0
274,Returning,Referral,Bag,Category,2025-10-20 08:11:14,0
274,Returning,Referral,Bag,Product,2025-10-20 08:14:11,0
274,Returning,Referral,Bag,AddToCart,2025-10-20 08:18:33,0
274,Returning,Referral,Bag,Checkout,2025-10-20 08:22:37,1
275,New,Paid,Watch,Home,2025-10-21 05:49:00,0
275,New,Paid,Watch,Category,2025-10-21 05:58:24,0
275,New,Paid,Watch,Product,2025-10-21 06:05:59,0
275,New,Paid,Watch,AddToCart,2025-10-21 06:14:10,0
276,Returning,Organic,Bag,Home,2025-10-20 21:24:00,0
276,Returning,Organic,Bag,Category,2025-10-20 21:29:19,0
276,Returning,Organic,Bag,Product,2025-10-20 21:33:21,0
277,New,Organic,Shoes,Home,2025-10-21 01:14:00,0
277,New,Organic,Shoes,Category,2025-10-21 01:16:18,0
278,Returning,Paid,Shoes,Home,2025-10-20 09:53:00,0
278,Returning,Paid,Shoes,Category,2025-10-20 09:58:37,0
278,Returning,Paid,Shoes,Product,2025-10-20 10:07:16,0
278,Returning,Paid,Shoes,AddToCart,2025-10-20 10:15:20,0
278,Returning,Paid,Shoes,Checkout,2025-10-20 10:16:19,1
279,New,Organic,Shoes,Home,2025-10-21 06:47:00,0
279,New,Organic,Shoes,Category,2025-10-21 06:48:03,0
280,New,Referral,Shoes,Home,2025-10-20 17:15:00,0
280,New,Referral,Shoes,Category,2025-10-20 17:16:33,0
281,New,Organic,Bag,Home,2025-10-20 20:55:00,0
281,New,Organic,Bag,Category,2025-10-20 21:00:10,0
281,New,Organic,Bag,Product,2025-10-20 21:08:16,0
282,New,Paid,Bag,Home,2025-10-20 11:07:00,0
283,Returning,Organic,Bag,Home,2025-10-21 03:35:00,0
283,Returning,Organic,Bag,Category,2025-10-21 03:37:54,0
284,New,Organic,Shoes,Home,2025-10-20 19:53:00,0
284,New,Organic,Shoes,Category,2025-10-20 20:02:04,0
284,New,Organic,Shoes,Product,2025-10-20 20:04:56,0
285,Returning,Paid,Jacket,Home,2025-10-20 12:07:00,0
285,Returning,Paid,Jacket,Category,2025-10-20 12:10:35,0
285,Returning,Paid,Jacket,Product,2025-10-20 12:15:55,0
285,Returning,Paid,Jacket,AddToCart,2025-10-20 12:16:39,0
285,Returning,Paid,Jacket,Checkout,2025-10-20 12:18:24,1
286,New,Paid,Watch,Home,2025-10-20 15:36:00,0
286,New,Paid,Watch,Category,2025-10-20 15:43:36,0
286,New,Paid,Watch,Product,2025-10-20 15:50:27,0
287,Returning,Referral,Jacket,Home,2025-10-20 21:25:00,0
287,Returning,Referral,Jacket,Category,2025-10-20 21:27:55,0
287,Returning,Referral,Jacket,Product,2025-10-20 21:37:08,0
288,New,Referral,Watch,Home,2025-10-20 21:45:00,0
289,Returning,Organic,Watch,Home,2025-10-20 13:10:00,0
290,Returning,Paid,Jacket,Home,2025-10-20 14:10:00,0
290,Returning,Paid,Jacket,Category,2025-10-20 14:18:08,0
291,Returning,Organic,Shoes,Home,2025-10-20 11:42:00,0
291,Returning,Organic,Shoes,Category,2025-10-20 11:50:57,0
291,Returning,Organic,Shoes,Product,2025-10-20 11:58:11,0
292,Returning,Paid,Watch,Home,2025-10-20 17:51:00,0
293,New,Referral,Watch,Home,2025-10-20 22:34:00,0
293,New,Referral,Watch,Category,2025-10-20 22:36:04,0
293,New,Referral,Watch,Product,2025-10-20 22:43:57,0
294,New,Referral,Shoes,Home,2025-10-20 16:37:00,0
294,New,Referral,Shoes,Category,2025-10-20 16:46:37,0
294,New,Referral,Shoes,Product,2025-10-20 16:50:05,0
294,New,Referral,Shoes,AddToCart,2025-10-20 16:54:05,0
295,Returning,Organic,Jacket,Home,2025-10-21 00:04:00,0
295,Returning,Organic,Jacket,Category,2025-10-21 00:05:25,0
295,Returning,Organic,Jacket,Product,2025-10-21 00:08:18,0
295,Returning,Organic,Jacket,AddToCart,2025-10-21 00:15:47,0
296,New,Paid,Jacket,Home,2025-10-20 17:35:00,0
296,New,Paid,Jacket,Category,2025-10-20 17:42:08,0
296,New,Paid,Jacket,Product,2025-10-20 17:46:53,0
296,New,Paid,Jacket,AddToCart,2025-10-20 17:52:53,0
296,New,Paid,Jacket,Checkout,2025-10-20 17:58:55,0
297,New,Organic,Watch,Home,2025-10-20 21:43:00,0
298,New,Paid,Shoes,Home,2025-10-20 23:01:00,0
298,New,Paid,Shoes,Category,2025-10-20 23:06:11,0
299,Returning,Organic,Bag,Home,2025-10-20 18:08:00,0
299,Returning,Organic,Bag,Category,2025-10-20 18:10:00,0
300,New,Organic,Watch,Home,2025-10-20 18:17:00,0
300,New,Organic,Watch,Category,2025-10-20 18:26:23,0
301,New,Referral,Watch,Home,2025-10-20 18:49:00,0
301,New,Referral,Watch,Category,2025-10-20 18:52:04,0
301,New,Referral,Watch,Product,2025-10-20 18:58:28,0
301,New,Referral,Watch,AddToCart,2025-10-20 19:03:24,0
302,Returning,Paid,Jacket,Home,2025-10-20 15:36:00,0
302,Returning,Paid,Jacket,Category,2025-10-20 15:37:10,0
303,Returning,Paid,Jacket,Home,2025-10-21 03:53:00,0
303,Returning,Paid,Jacket,Category,2025-10-21 03:57:06,0
304,Returning,Paid,Shoes,Home,2025-10-20 10:39:00,0
304,Returning,Paid,Shoes,Category,2025-10-20 10:42:49,0
304,Returning,Paid,Shoes,Product,2025-10-20 10:48:22,0
304,Returning,Paid,Shoes,AddToCart,2025-10-20 10:56:07,0
304,Returning,Paid,Shoes,Checkout,2025-10-20 10:59:50,0
305,New,Organic,Shoes,Home,2025-10-20 13:26:00,0
305,New,Organic,Shoes,Category,2025-10-20 13:26:59,0
305,New,Organic,Shoes,Product,2025-10-20 13:36:40,0
306,Returning,Organic,Jacket,Home,2025-10-20 10:51:00,0
306,Returning,Organic,Jacket,Category,2025-10-20 10:56:36,0
306,Returning,Organic,Jacket,Product,2025-10-20 11:02:26,0
307,New,Paid,Watch,Home,2025-10-21 05:27:00,0
307,New,Paid,Watch,Category,2025-10-21 05:28:17,0
307,New,Paid,Watch,Product,2025-10-21 05:35:16,0
307,New,Paid,Watch,AddToCart,2025-10-21 05:38:00,0
307,New,Paid,Watch,Checkout,2025-10-21 05:46:14,0
308,Returning,Organic,Shoes,Home,2025-10-20 13:52:00,0
308,Returning,Organic,Shoes,Category,2025-10-20 14:00:02,0
309,New,Referral,Jacket,Home,2025-10-21 07:35:00,0
310,New,Paid,Jacket,Home,2025-10-20 23:50:00,0
310,New,Paid,Jacket,Category,2025-10-20 23:56:22,0
310,New,Paid,Jacket,Product,2025-10-20 23:58:32,0
311,New,Organic,Jacket,Home,2025-10-20 10:51:00,0
312,Returning,Organic,Watch,Home,2025-10-20 10:23:00,0
313,New,Paid,Watch,Home,2025-10-20 21:29:00,0
313,New,Paid,Watch,Category,2025-10-20 21:33:49,0
313,New,Paid,Watch,Product,2025-10-20 21:39:06,0
313,New,Paid,Watch,AddToCart,2025-10-20 21:48:37,0
313,New,Paid,Watch,Checkout,2025-10-20 21:51:52,0
314,New,Referral,Bag,Home,2025-10-21 04:40:00,0
314,New,Referral,Bag,Category,2025-10-21 04:42:22,0
315,Returning,Paid,Jacket,Home,2025-10-20 22:14:00,0
315,Returning,Paid,Jacket,Category,2025-10-20 22:20:25,0
315,Returning,Paid,Jacket,Product,2025-10-20 22:24:57,0
315,Returning,Paid,Jacket,AddToCart,2025-10-20 22:34:03,0
315,Returning,Paid,Jacket,Checkout,2025-10-20 22:36:10,0
316,New,Organic,Watch,Home,2025-10-20 19:57:00,0
316,New,Organic,Watch,Category,2025-10-20 19:59:28,0
316,New,Organic,Watch,Product,2025-10-20 20:03:58,0
316,New,Organic,Watch,AddToCart,2025-10-20 20:05:40,0
316,New,Organic,Watch,Checkout,2025-10-20 20:10:19,0
317,New,Paid,Bag,Home,2025-10-21 00:53:00,0
317,New,Paid,Bag,Category,2025-10-21 00:55:26,0
317,New,Paid,Bag,Product,2025-10-21 01:03:01,0
317,New,Paid,Bag,AddToCart,2025-10-21 01:09:43,0
317,New,Paid,Bag,Checkout,2025-10-21 01:13:34,1
318,New,Organic,Jacket,Home,2025-10-21 02:00:00,0
318,New,Organic,Jacket,Category,2025-10-21 02:07:08,0
318,New,Organic,Jacket,Product,2025-10-21 02:11:47,0
319,Returning,Referral,Jacket,Home,2025-10-20 09:20:00,0
319,Returning,Referral,Jacket,Category,2025-10-20 09:21:56,0
319,Returning,Referral,Jacket,Product,2025-10-20 09:31:28,0
319,Returning,Referral,Jacket,AddToCart,2025-10-20 09:36:18,0
320,Returning,Paid,Shoes,Home,2025-10-20 20:12:00,0
320,Returning,Paid,Shoes,Category,2025-10-20 20:18:39,0
320,Returning,Paid,Shoes,Product,2025-10-20 20:28:16,0
321,Returning,Organic,Jacket,Home,2025-10-21 04:08:00,0
321,Returning,Organic,Jacket,Category,2025-10-21 04:14:54,0
321,Returning,Organic,Jacket,Product,2025-10-21 04:15:33,0
322,New,Organic,Watch,Home,2025-10-20 22:05:00,0
322,New,Organic,Watch,Category,2025-10-20 22:11:39,0
322,New,Organic,Watch,Product,2025-10-20 22:15:56,0
322,New,Organic,Watch,AddToCart,2025-10-20 22:21:40,0
323,Returning,Referral,Bag,Home,2025-10-20 09:42:00,0
323,Returning,Referral,Bag,Category,2025-10-20 09:48:33,0
323,Returning,Referral,Bag,Product,2025-10-20 09:50:29,0
324,Returning,Organic,Shoes,Home,2025-10-20 09:26:00,0
324,Returning,Organic,Shoes,Category,2025-10-20 09:29:49,0
324,Returning,Organic,Shoes,Product,2025-10-20 09:34:40,0
324,Returning,Organic,Shoes,AddToCart,2025-10-20 09:39:01,0
325,Returning,Referral,Bag,Home,2025-10-21 04:09:00,0
325,Returning,Referral,Bag,Category,2025-10-21 04:14:32,0
325,Returning,Referral,Bag,Product,2025-10-21 04:24:29,0
325,Returning,Referral,Bag,AddToCart,2025-10-21 04:26:30,0
325,Returning,Referral,Bag,Checkout,2025-10-21 04:31:54,1
326,Returning,Organic,Bag,Home,2025-10-20 11:50:00,0
326,Returning,Organic,Bag,Category,2025-10-20 11:59:56,0
326,Returning,Organic,Bag,Product,2025-10-20 12:09:15,0
326,Returning,Organic,Bag,AddToCart,2025-10-20 12:11:32,0
326,Returning,Organic,Bag,Checkout,2025-10-20 12:13:18,0
327,New,Paid,Shoes,Home,2025-10-20 14:46:00,0
328,New,Paid,Bag,Home,2025-10-20 08:45:00,0
328,New,Paid,Bag,Category,2025-10-20 08:51:57,0
328,New,Paid,Bag,Product,2025-10-20 09:00:25,0
328,New,Paid,Bag,AddToCart,2025-10-20 09:05:30,0
328,New,Paid,Bag,Checkout,2025-10-20 09:10:33,1
329,Returning,Organic,Shoes,Home,2025-10-21 01:58:00,0
329,Returning,Organic,Shoes,Category,2025-10-21 02:02:01,0
330,New,Organic,Bag,Home,2025-10-21 03:58:00,0
330,New,Organic,Bag,Category,2025-10-21 04:05:14,0
331,Returning,Organic,Bag,Home,2025-10-21 07:12:00,0
331,Returning,Organic,Bag,Category,2025-10-21 07:16:09,0
331,Returning,Organic,Bag,Product,2025-10-21 07:19:08,0
331,Returning,Organic,Bag,AddToCart,2025-10-21 07:22:13,0
332,New,Referral,Jacket,Home,2025-10-20 23:33:00,0
332,New,Referral,Jacket,Category,2025-10-20 23:40:58,0
332,New,Referral,Jacket,Product,2025-10-20 23:43:50,0
333,New,Organic,Watch,Home,2025-10-20 12:26:00,0
334,New,Paid,Jacket,Home,2025-10-20 17:37:00,0
334,New,Paid,Jacket,Category,2025-10-20 17:45:33,0
334,New,Paid,Jacket,Product,2025-10-20 17:47:33,0
334,New,Paid,Jacket,AddToCart,2025-10-20 17:52:44,0
335,New,Referral,Shoes,Home,2025-10-20 12:58:00,0
335,New,Referral,Shoes,Category,2025-10-20 12:59:38,0
335,New,Referral,Shoes,Product,2025-10-20 13:07:51,0
335,New,Referral,Shoes,AddToCart,2025-10-20 13:09:58,0
336,Returning,Organic,Bag,Home,2025-10-20 22:51:00,0
337,New,Paid,Watch,Home,2025-10-20 12:57:00,0
337,New,Paid,Watch,Category,2025-10-20 13:02:09,0
338,Returning,Organic,Jacket,Home,2025-10-21 03:10:00,0
338,Returning,Organic,Jacket,Category,2025-10-21 03:17:46,0
339,New,Organic,Shoes,Home,2025-10-20 21:51:00,0
339,New,Organic,Shoes,Category,2025-10-20 21:56:50,0
339,New,Organic,Shoes,Product,2025-10-20 22:02:47,0
339,New,Organic,Shoes,AddToCart,2025-10-20 22:12:01,0
339,New,Organic,Shoes,Checkout,2025-10-20 22:18:39,0
340,New,Organic,Jacket,Home,2025-10-20 22:40:00,0
340,New,Organic,Jacket,Category,2025-10-20 22:42:20,0
340,New,Organic,Jacket,Product,2025-10-20 22:45:42,0
340,New,Organic,Jacket,AddToCart,2025-10-20 22:50:01,0
341,New,Paid,Watch,Home,2025-10-20 11:43:00,0
341,New,Paid,Watch,Category,2025-10-20 11:47:03,0
341,New,Paid,Watch,Product,2025-10-20 11:56:58,0
342,Returning,Organic,Bag,Home,2025-10-20 23:48:00,0
343,New,Organic,Bag,Home,2025-10-20 12:21:00,0
343,New,Organic,Bag,Category,2025-10-20 12:25:49,0
343,New,Organic,Bag,Product,2025-10-20 12:31:21,0
344,Returning,Paid,Shoes,Home,2025-10-20 16:17:00,0
345,Returning,Organic,Bag,Home,2025-10-21 07:38:00,0
345,Returning,Organic,Bag,Category,2025-10-21 07:43:49,0
345,Returning,Organic,Bag,Product,2025-10-21 07:49:23,0
346,New,Organic,Bag,Home,2025-10-21 04:31:00,0
346,New,Organic,Bag,Category,2025-10-21 04:36:34,0
346,New,Organic,Bag,Product,2025-10-21 04:40:25,0
347,New,Organic,Shoes,Home,2025-10-20 21:45:00,0
347,New,Organic,Shoes,Category,2025-10-20 21:49:13,0
348,New,Organic,Watch,Home,2025-10-20 19:30:00,0
348,New,Organic,Watch,Category,2025-10-20 19:31:37,0
348,New,Organic,Watch,Product,2025-10-20 19:39:12,0
348,New,Organic,Watch,AddToCart,2025-10-20 19:46:32,0
349,New,Organic,Bag,Home,2025-10-20 20:56:00,0
349,New,Organic,Bag,Category,2025-10-20 20:57:33,0
350,New,Referral,Watch,Home,2025-10-21 07:30:00,0
350,New,Referral,Watch,Category,2025-10-21 07:35:01,0
350,New,Referral,Watch,Product,2025-10-21 07:43:42,0
351,New,Paid,Shoes,Home,2025-10-20 23:06:00,0
351,New,Paid,Shoes,Category,2025-10-20 23:13:41,0
352,New,Paid,Watch,Home,2025-10-20 19:57:00,0
352,New,Paid,Watch,Category,2025-10-20 19:59:15,0
352,New,Paid,Watch,Product,2025-10-20 20:05:17,0
353,New,Paid,Shoes,Home,2025-10-21 03:37:00,0
353,New,Paid,Shoes,Category,2025-10-21 03:46:31,0
354,New,Organic,Shoes,Home,2025-10-20 09:11:00,0
354,New,Organic,Shoes,Category,2025-10-20 09:17:19,0
354,New,Organic,Shoes,Product,2025-10-20 09:17:53,0
354,New,Organic,Shoes,AddToCart,2025-10-20 09:21:00,0
354,New,Organic,Shoes,Checkout,2025-10-20 09:22:41,0
355,New,Paid,Watch,Home,2025-10-20 14:11:00,0
356,Returning,Referral,Jacket,Home,2025-10-21 00:25:00,0
356,Returning,Referral,Jacket,Category,2025-10-21 00:26:56,0
356,Returning,Referral,Jacket,Product,2025-10-21 00:28:22,0
356,Returning,Referral,Jacket,AddToCart,2025-10-21 00:29:14,0
357,Returning,Referral,Watch,Home,2025-10-20 08:08:00,0
357,Returning,Referral,Watch,Category,2025-10-20 08:16:23,0
357,Returning,Referral,Watch,Product,2025-10-20 08:25:56,0
357,Returning,Referral,Watch,AddToCart,2025-10-20 08:29:14,0
357,Returning,Referral,Watch,Checkout,2025-10-20 08:33:26,1
358,Returning,Referral,Bag,Home,2025-10-21 07:38:00,0
358,Returning,Referral,Bag,Category,2025-10-21 07:46:07,0
358,Returning,Referral,Bag,Product,2025-10-21 07:48:11,0
359,New,Organic,Jacket,Home,2025-10-20 20:44:00,0
359,New,Organic,Jacket,Category,2025-10-20 20:53:27,0
359,New,Organic,Jacket,Product,2025-10-20 20:54:42,0
359,New,Organic,Jacket,AddToCart,2025-10-20 21:00:39,0
359,New,Organic,Jacket,Checkout,2025-10-20 21:04:55,0
360,New,Paid,Shoes,Home,2025-10-20 18:10:00,0
360,New,Paid,Shoes,Category,2025-10-20 18:18:55,0
360,New,Paid,Shoes,Product,2025-10-20 18:23:02,0
360,New,Paid,Shoes,AddToCart,2025-10-20 18:30:41,0
360,New,Paid,Shoes,Checkout,2025-10-20 18:32:53,1
361,New,Organic,Shoes,Home,2025-10-21 01:43:00,0
361,New,Organic,Shoes,Category,2025-10-21 01:45:11,0
362,Returning,Paid,Bag,Home,2025-10-21 07:50:00,0
362,Returning,Paid,Bag,Category,2025-10-21 07:50:35,0
363,Returning,Referral,Jacket,Home,2025-10-20 23:29:00,0
363,Returning,Referral,Jacket,Category,2025-10-20 23:30:09,0
363,Returning,Referral,Jacket,Product,2025-10-20 23:31:52,0
363,Returning,Referral,Jacket,AddToCart,2025-10-20 23:33:59,0
364,New,Referral,Watch,Home,2025-10-21 02:11:00,0
364,New,Referral,Watch,Category,2025-10-21 02:15:02,0
364,New,Referral,Watch,Product,2025-10-21 02:18:04,0
364,New,Referral,Watch,AddToCart,2025-10-21 02:26:17,0
364,New,Referral,Watch,Checkout,2025-10-21 02:34:47,0
365,New,Organic,Shoes,Home,2025-10-20 13:51:00,0
366,New,Paid,Shoes,Home,2025-10-21 07:26:00,0
366,New,Paid,Shoes,Category,2025-10-21 07:33:31,0
366,New,Paid,Shoes,Product,2025-10-21 07:40:57,0
366,New,Paid,Shoes,AddToCart,2025-10-21 07:48:38,0
366,New,Paid,Shoes,Checkout,2025-10-21 07:55:28,0
367,New,Organic,Jacket,Home,2025-10-20 10:44:00,0
367,New,Organic,Jacket,Category,2025-10-20 10:51:33,0
367,New,Organic,Jacket,Product,2025-10-20 10:58:50,0
368,Returning,Paid,Shoes,Home,2025-10-20 12:56:00,0
368,Returning,Paid,Shoes,Category,2025-10-20 13:04:39,0
368,Returning,Paid,Shoes,Product,2025-10-20 13:08:35,0
369,Returning,Organic,Bag,Home,2025-10-21 01:14:00,0
369,Returning,Organic,Bag,Category,2025-10-21 01:17:59,0
369,Returning,Organic,Bag,Product,2025-10-21 01:18:36,0
369,Returning,Organic,Bag,AddToCart,2025-10-21 01:21:56,0
370,New,Organic,Bag,Home,2025-10-21 01:08:00,0
370,New,Organic,Bag,Category,2025-10-21 01:13:31,0
370,New,Organic,Bag,Product,2025-10-21 01:18:58,0
370,New,Organic,Bag,AddToCart,2025-10-21 01:22:45,0
371,New,Organic,Jacket,Home,2025-10-20 12:35:00,0
371,New,Organic,Jacket,Category,2025-10-20 12:43:25,0
371,New,Organic,Jacket,Product,2025-10-20 12:50:30,0
371,New,Organic,Jacket,AddToCart,2025-10-20 12:52:02,0
372,New,Organic,Shoes,Home,2025-10-20 09:00:00,0
372,New,Organic,Shoes,Category,2025-10-20 09:09:59,0
372,New,Organic,Shoes,Product,2025-10-20 09:15:08,0
372,New,Organic,Shoes,AddToCart,2025-10-20 09:20:30,0
372,New,Organic,Shoes,Checkout,2025-10-20 09:25:34,0
373,New,Referral,Jacket,Home,2025-10-21 07:20:00,0
373,New,Referral,Jacket,Category,2025-10-21 07:26:32,0
373,New,Referral,Jacket,Product,2025-10-21 07:30:41,0
374,New,Referral,Bag,Home,2025-10-21 04:50:00,0
374,New,Referral,Bag,Category,2025-10-21 04:59:48,0
375,New,Organic,Bag,Home,2025-10-20 17:18:00,0
375,New,Organic,Bag,Category,2025-10-20 17:20:59,0
376,New,Referral,Shoes,Home,2025-10-20 15:11:00,0
376,New,Referral,Shoes,Category,2025-10-20 15:13:10,0
376,New,Referral,Shoes,Product,2025-10-20 15:20:39,0
377,New,Paid,Shoes,Home,2025-10-20 12:19:00,0
377,New,Paid,Shoes,Category,2025-10-20 12:24:14,0
377,New,Paid,Shoes,Product,2025-10-20 12:26:53,0
378,New,Paid,Shoes,Home,2025-10-20 18:04:00,0
379,New,Organic,Shoes,Home,2025-10-20 15:21:00,0
379,New,Organic,Shoes,Category,2025-10-20 15:26:56,0
380,New,Paid,Bag,Home,2025-10-20 21:53:00,0
380,New,Paid,Bag,Category,2025-10-20 21:55:46,0
380,New,Paid,Bag,Product,2025-10-20 22:00:22,0
380,New,Paid,Bag,AddToCart,2025-10-20 22:04:05,0
380,New,Paid,Bag,Checkout,2025-10-20 22:04:42,0
381,New,Paid,Watch,Home,2025-10-20 21:31:00,0
381,New,Paid,Watch,Category,2025-10-20 21:31:35,0
382,New,Referral,Shoes,Home,2025-10-21 02:54:00,0
383,New,Paid,Jacket,Home,2025-10-21 03:52:00,0
383,New,Paid,Jacket,Category,2025-10-21 03:57:12,0
384,New,Referral,Shoes,Home,2025-10-20 08:14:00,0
384,New,Referral,Shoes,Category,2025-10-20 08:20:25,0
384,New,Referral,Shoes,Product,2025-10-20 08:21:42,0
384,New,Referral,Shoes,AddToCart,2025-10-20 08:27:37,0
385,New,Paid,Bag,Home,2025-10-21 01:31:00,0
385,New,Paid,Bag,Category,2025-10-21 01:35:55,0
385,New,Paid,Bag,Product,2025-10-21 01:43:25,0
385,New,Paid,Bag,AddToCart,2025-10-21 01:47:27,0
385,New,Paid,Bag,Checkout,2025-10-21 01:54:28,1
386,New,Referral,Watch,Home,2025-10-20 12:59:00,0
387,New,Paid,Watch,Home,2025-10-21 01:30:00,0
387,New,Paid,Watch,Category,2025-10-21 01:33:08,0
387,New,Paid,Watch,Product,2025-10-21 01:35:47,0
387,New,Paid,Watch,AddToCart,2025-10-21 01:45:14,0
387,New,Paid,Watch,Checkout,2025-10-21 01:50:46,1
388,New,Referral,Watch,Home,2025-10-20 13:44:00,0
388,New,Referral,Watch,Category,2025-10-20 13:46:31,0
388,New,Referral,Watch,Product,2025-10-20 13:50:30,0
389,New,Referral,Shoes,Home,2025-10-21 03:44:00,0
389,New,Referral,Shoes,Category,2025-10-21 03:46:32,0
390,New,Organic,Watch,Home,2025-10-20 09:02:00,0
390,New,Organic,Watch,Category,2025-10-20 09:10:14,0
390,New,Organic,Watch,Product,2025-10-20 09:13:47,0
390,New,Organic,Watch,AddToCart,2025-10-20 09:14:45,0
391,New,Paid,Watch,Home,2025-10-21 04:40:00,0
391,New,Paid,Watch,Category,2025-10-21 04:43:17,0
391,New,Paid,Watch,Product,2025-10-21 04:46:59,0
391,New,Paid,Watch,AddToCart,2025-10-21 04:48:52,0
391,New,Paid,Watch,Checkout,2025-10-21 04:54:25,1
392,Returning,Referral,Watch,Home,2025-10-20 19:49:00,0
393,New,Paid,Shoes,Home,2025-10-20 14:58:00,0
394,New,Organic,Shoes,Home,2025-10-20 16:08:00,0
395,New,Paid,Bag,Home,2025-10-21 02:29:00,0
395,New,Paid,Bag,Category,2025-10-21 02:38:56,0
396,New,Organic,Bag,Home,2025-10-20 11:39:00,0
396,New,Organic,Bag,Category,2025-10-20 11:40:09,0
396,New,Organic,Bag,Product,2025-10-20 11:46:00,0
397,Returning,Paid,Bag,Home,2025-10-20 17:11:00,0
397,Returning,Paid,Bag,Category,2025-10-20 17:14:13,0
397,Returning,Paid,Bag,Product,2025-10-20 17:23:51,0
397,Returning,Paid,Bag,AddToCart,2025-10-20 17:26:00,0
397,Returning,Paid,Bag,Checkout,2025-10-20 17:27:26,0
398,New,Organic,Shoes,Home,2025-10-21 00:04:00,0
398,New,Organic,Shoes,Category,2025-10-21 00:10:10,0
398,New,Organic,Shoes,Product,2025-10-21 00:10:44,0
398,New,Organic,Shoes,AddToCart,2025-10-21 00:15:02,0
399,New,Referral,Shoes,Home,2025-10-20 18:28:00,0
399,New,Referral,Shoes,Category,2025-10-20 18:32:52,0
399,New,Referral,Shoes,Product,2025-10-20 18:42:19,0
399,New,Referral,Shoes,AddToCart,2025-10-20 18:45:37,0
399,New,Referral,Shoes,Checkout,2025-10-20 18:51:51,0
400,Returning,Paid,Shoes,Home,2025-10-20 20:06:00,0
400,Returning,Paid,Shoes,Category,2025-10-20 20:07:04,0
400,Returning,Paid,Shoes,Product,2025-10-20 20:08:51,0
401,New,Paid,Jacket,Home,2025-10-21 04:04:00,0
401,New,Paid,Jacket,Category,2025-10-21 04:07:51,0
401,New,Paid,Jacket,Product,2025-10-21 04:14:33,0
401,New,Paid,Jacket,AddToCart,2025-10-21 04:19:15,0
402,Returning,Paid,Shoes,Home,2025-10-20 20:48:00,0
402,Returning,Paid,Shoes,Category,2025-10-20 20:49:23,0
402,Returning,Paid,Shoes,Product,2025-10-20 20:57:29,0
402,Returning,Paid,Shoes,AddToCart,2025-10-20 21:07:16,0
402,Returning,Paid,Shoes,Checkout,2025-10-20 21:10:41,1
403,New,Paid,Bag,Home,2025-10-21 02:40:00,0
403,New,Paid,Bag,Category,2025-10-21 02:48:59,0
404,Returning,Referral,Jacket,Home,2025-10-21 05:37:00,0
405,New,Referral,Shoes,Home,2025-10-21 07:12:00,0
405,New,Referral,Shoes,Category,2025-10-21 07:15:53,0
406,New,Organic,Jacket,Home,2025-10-20 19:09:00,0
406,New,Organic,Jacket,Category,2025-10-20 19:17:33,0
406,New,Organic,Jacket,Product,2025-10-20 19:19:35,0
407,Returning,Organic,Shoes,Home,2025-10-21 02:16:00,0
407,Returning,Organic,Shoes,Category,2025-10-21 02:16:40,0
407,Returning,Organic,Shoes,Product,2025-10-21 02:23:57,0
407,Returning,Organic,Shoes,AddToCart,2025-10-21 02:27:08,0
407,Returning,Organic,Shoes,Checkout,2025-10-21 02:33:51,0
408,New,Organic,Watch,Home,2025-10-20 15:01:00,0
408,New,Organic,Watch,Category,2025-10-20 15:03:49,0
408,New,Organic,Watch,Product,2025-10-20 15:07:37,0
408,New,Organic,Watch,AddToCart,2025-10-20 15:14:04,0
409,New,Organic,Jacket,Home,2025-10-20 17:26:00,0
409,New,Organic,Jacket,Category,2025-10-20 17:26:46,0
409,New,Organic,Jacket,Product,2025-10-20 17:33:08,0
409,New,Organic,Jacket,AddToCart,2025-10-20 17:40:06,0
410,New,Organic,Shoes,Home,2025-10-20 21:00:00,0
410,New,Organic,Shoes,Category,2025-10-20 21:05:55,0
410,New,Organic,Shoes,Product,2025-10-20 21:06:59,0
411,New,Referral,Watch,Home,2025-10-21 01:32:00,0
411,New,Referral,Watch,Category,2025-10-21 01:40:22,0
412,New,Paid,Watch,Home,2025-10-20 12:02:00,0
412,New,Paid,Watch,Category,2025-10-20 12:04:23,0
413,New,Paid,Watch,Home,2025-10-20 13:12:00,0
413,New,Paid,Watch,Category,2025-10-20 13:12:49,0
413,New,Paid,Watch,Product,2025-10-20 13:22:46,0
413,New,Paid,Watch,AddToCart,2025-10-20 13:29:31,0
414,New,Organic,Watch,Home,2025-10-20 14:20:00,0
414,New,Organic,Watch,Category,2025-10-20 14:23:07,0
414,New,Organic,Watch,Product,2025-10-20 14:23:49,0
414,New,Organic,Watch,AddToCart,2025-10-20 14:25:30,0
415,New,Organic,Watch,Home,2025-10-21 04:49:00,0
415,New,Organic,Watch,Category,2025-10-21 04:53:54,0
415,New,Organic,Watch,Product,2025-10-21 05:01:55,0
415,New,Organic,Watch,AddToCart,2025-10-21 05:10:43,0
416,New,Paid,Jacket,Home,2025-10-21 07:44:00,0
416,New,Paid,Jacket,Category,2025-10-21 07:47:34,0
417,New,Paid,Shoes,Home,2025-10-21 07:04:00,0
417,New,Paid,Shoes,Category,2025-10-21 07:10:05,0
417,New,Paid,Shoes,Product,2025-10-21 07:18:41,0
417,New,Paid,Shoes,AddToCart,2025-10-21 07:25:26,0
418,Returning,Paid,Shoes,Home,2025-10-20 21:51:00,0
418,Returning,Paid,Shoes,Category,2025-10-20 21:52:10,0
419,New,Organic,Watch,Home,2025-10-20 10:48:00,0
419,New,Organic,Watch,Category,2025-10-20 10:55:37,0
420,New,Referral,Watch,Home,2025-10-21 07:39:00,0
420,New,Referral,Watch,Category,2025-10-21 07:43:00,0
420,New,Referral,Watch,Product,2025-10-21 07:48:10,0
420,New,Referral,Watch,AddToCart,2025-10-21 07:48:42,0
420,New,Referral,Watch,Checkout,2025-10-21 07:51:03,0
421,Returning,Paid,Jacket,Home,2025-10-20 18:22:00,0
421,Returning,Paid,Jacket,Category,2025-10-20 18:31:28,0
421,Returning,Paid,Jacket,Product,2025-10-20 18:41:06,0
421,Returning,Paid,Jacket,AddToCart,2025-10-20 18:44:24,0
422,Returning,Organic,Bag,Home,2025-10-21 04:53:00,0
422,Returning,Organic,Bag,Category,2025-10-21 05:01:03,0
422,Returning,Organic,Bag,Product,2025-10-21 05:10:36,0
422,Returning,Organic,Bag,AddToCart,2025-10-21 05:18:37,0
422,Returning,Organic,Bag,Checkout,2025-10-21 05:25:11,0
423,New,Paid,Shoes,Home,2025-10-20 14:41:00,0
423,New,Paid,Shoes,Category,2025-10-20 14:50:17,0
423,New,Paid,Shoes,Product,2025-10-20 14:51:35,0
423,New,Paid,Shoes,AddToCart,2025-10-20 15:00:06,0
424,New,Organic,Jacket,Home,2025-10-20 13:44:00,0
424,New,Organic,Jacket,Category,2025-10-20 13:51:02,0
424,New,Organic,Jacket,Product,2025-10-20 13:58:35,0
424,New,Organic,Jacket,AddToCart,2025-10-20 14:07:05,0
425,Returning,Referral,Bag,Home,2025-10-21 05:21:00,0
425,Returning,Referral,Bag,Category,2025-10-21 05:25:20,0
425,Returning,Referral,Bag,Product,2025-10-21 05:34:57,0
425,Returning,Referral,Bag,AddToCart,2025-10-21 05:39:35,0
426,New,Organic,Jacket,Home,2025-10-21 03:59:00,0
426,New,Organic,Jacket,Category,2025-10-21 04:07:30,0
427,Returning,Organic,Watch,Home,2025-10-20 23:00:00,0
427,Returning,Organic,Watch,Category,2025-10-20 23:06:21,0
427,Returning,Organic,Watch,Product,2025-10-20 23:14:45,0
428,New,Organic,Bag,Home,2025-10-21 04:24:00,0
428,New,Organic,Bag,Category,2025-10-21 04:26:33,0
428,New,Organic,Bag,Product,2025-10-21 04:31:58,0
429,New,Organic,Shoes,Home,2025-10-20 14:36:00,0
429,New,Organic,Shoes,Category,2025-10-20 14:40:09,0
429,New,Organic,Shoes,Product,2025-10-20 14:42:37,0
429,New,Organic,Shoes,AddToCart,2025-10-20 14:43:09,0
430,New,Referral,Watch,Home,2025-10-20 11:56:00,0
430,New,Referral,Watch,Category,2025-10-20 11:56:40,0
430,New,Referral,Watch,Product,2025-10-20 11:57:57,0
431,New,Organic,Jacket,Home,2025-10-21 04:39:00,0
431,New,Organic,Jacket,Category,2025-10-21 04:44:03,0
431,New,Organic,Jacket,Product,2025-10-21 04:45:03,0
431,New,Organic,Jacket,AddToCart,2025-10-21 04:46:39,0
431,New,Organic,Jacket,Checkout,2025-10-21 04:48:06,0
432,New,Referral,Shoes,Home,2025-10-20 20:50:00,0
432,New,Referral,Shoes,Category,2025-10-20 20:53:34,0
432,New,Referral,Shoes,Product,2025-10-20 20:59:04,0
433,Returning,Organic,Bag,Home,2025-10-21 03:34:00,0
434,Returning,Referral,Jacket,Home,2025-10-20 14:46:00,0
434,Returning,Referral,Jacket,Category,2025-10-20 14:47:57,0
434,Returning,Referral,Jacket,Product,2025-10-20 14:57:06,0
434,Returning,Referral,Jacket,AddToCart,2025-10-20 14:59:14,0
435,New,Paid,Shoes,Home,2025-10-20 22:46:00,0
435,New,Paid,Shoes,Category,2025-10-20 22:49:25,0
435,New,Paid,Shoes,Product,2025-10-20 22:57:19,0
436,Returning,Organic,Jacket,Home,2025-10-21 06:09:00,0
436,Returning,Organic,Jacket,Category,2025-10-21 06:15:02,0
437,Returning,Paid,Shoes,Home,2025-10-21 07:13:00,0
437,Returning,Paid,Shoes,Category,2025-10-21 07:14:45,0
438,Returning,Organic,Watch,Home,2025-10-20 17:06:00,0
438,Returning,Organic,Watch,Category,2025-10-20 17:12:03,0
439,New,Organic,Shoes,Home,2025-10-20 10:34:00,0
439,New,Organic,Shoes,Category,2025-10-20 10:43:14,0
439,New,Organic,Shoes,Product,2025-10-20 10:51:04,0
439,New,Organic,Shoes,AddToCart,2025-10-20 10:51:50,0
439,New,Organic,Shoes,Checkout,2025-10-20 10:57:34,1
440,Returning,Referral,Shoes,Home,2025-10-20 10:54:00,0
440,Returning,Referral,Shoes,Category,2025-10-20 10:56:00,0
440,Returning,Referral,Shoes,Product,2025-10-20 10:57:27,0
440,Returning,Referral,Shoes,AddToCart,2025-10-20 11:04:11,0
440,Returning,Referral,Shoes,Checkout,2025-10-20 11:06:29,1
441,New,Referral,Shoes,Home,2025-10-20 08:25:00,0
441,New,Referral,Shoes,Category,2025-10-20 08:32:40,0
441,New,Referral,Shoes,Product,2025-10-20 08:38:51,0
441,New,Referral,Shoes,AddToCart,2025-10-20 08:39:37,0
442,New,Paid,Shoes,Home,2025-10-21 06:48:00,0
442,New,Paid,Shoes,Category,2025-10-21 06:57:52,0
443,New,Organic,Bag,Home,2025-10-20 12:56:00,0
444,New,Referral,Watch,Home,2025-10-20 08:25:00,0
444,New,Referral,Watch,Category,2025-10-20 08:27:51,0
444,New,Referral,Watch,Product,2025-10-20 08:35:00,0
445,Returning,Organic,Jacket,Home,2025-10-21 01:27:00,0
445,Returning,Organic,Jacket,Category,2025-10-21 01:33:10,0
446,Returning,Organic,Jacket,Home,2025-10-20 21:51:00,0
446,Returning,Organic,Jacket,Category,2025-10-20 21:55:27,0
447,New,Organic,Shoes,Home,2025-10-21 00:55:00,0
447,New,Organic,Shoes,Category,2025-10-21 01:01:53,0
447,New,Organic,Shoes,Product,2025-10-21 01:06:40,0
447,New,Organic,Shoes,AddToCart,2025-10-21 01:11:48,0
447,New,Organic,Shoes,Checkout,2025-10-21 01:15:57,0
448,New,Organic,Shoes,Home,2025-10-20 23:35:00,0
448,New,Organic,Shoes,Category,2025-10-20 23:38:33,0
448,New,Organic,Shoes,Product,2025-10-20 23:46:11,0
448,New,Organic,Shoes,AddToCart,2025-10-20 23:50:56,0
449,Returning,Referral,Jacket,Home,2025-10-20 16:19:00,0
449,Returning,Referral,Jacket,Category,2025-10-20 16:22:01,0
449,Returning,Referral,Jacket,Product,2025-10-20 16:28:00,0
449,Returning,Referral,Jacket,AddToCart,2025-10-20 16:34:52,0
449,Returning,Referral,Jacket,Checkout,2025-10-20 16:36:50,1
450,New,Organic,Shoes,Home,2025-10-21 04:38:00,0
450,New,Organic,Shoes,Category,2025-10-21 04:39:19,0
450,New,Organic,Shoes,Product,2025-10-21 04:46:59,0
451,New,Organic,Jacket,Home,2025-10-20 09:30:00,0
451,New,Organic,Jacket,Category,2025-10-20 09:31:10,0
451,New,Organic,Jacket,Product,2025-10-20 09:37:46,0
452,New,Organic,Watch,Home,2025-10-20 09:23:00,0
452,New,Organic,Watch,Category,2025-10-20 09:31:47,0
452,New,Organic,Watch,Product,2025-10-20 09:40:59,0
452,New,Organic,Watch,AddToCart,2025-10-20 09:47:17,0
453,Returning,Organic,Bag,Home,2025-10-21 07:09:00,0
453,Returning,Organic,Bag,Category,2025-10-21 07:10:20,0
453,Returning,Organic,Bag,Product,2025-10-21 07:15:08,0
453,Returning,Organic,Bag,AddToCart,2025-10-21 07:21:31,0
453,Returning,Organic,Bag,Checkout,2025-10-21 07:26:55,0
454,Returning,Organic,Jacket,Home,2025-10-20 13:42:00,0
454,Returning,Organic,Jacket,Category,2025-10-20 13:50:31,0
454,Returning,Organic,Jacket,Product,2025-10-20 13:57:03,0
454,Returning,Organic,Jacket,AddToCart,2025-10-20 14:01:27,0
454,Returning,Organic,Jacket,Checkout,2025-10-20 14:09:57,0
455,New,Referral,Jacket,Home,2025-10-20 23:05:00,0
455,New,Referral,Jacket,Category,2025-10-20 23:11:13,0
455,New,Referral,Jacket,Product,2025-10-20 23:13:38,0
456,Returning,Paid,Watch,Home,2025-10-21 06:16:00,0
456,Returning,Paid,Watch,Category,2025-10-21 06:22:54,0
456,Returning,Paid,Watch,Product,2025-10-21 06:28:56,0
457,Returning,Organic,Bag,Home,2025-10-20 14:30:00,0
458,New,Referral,Shoes,Home,2025-10-21 02:44:00,0
458,New,Referral,Shoes,Category,2025-10-21 02:48:37,0
458,New,Referral,Shoes,Product,2025-10-21 02:51:32,0
459,Returning,Paid,Jacket,Home,2025-10-21 00:26:00,0
459,Returning,Paid,Jacket,Category,2025-10-21 00:30:50,0
459,Returning,Paid,Jacket,Product,2025-10-21 00:33:11,0
459,Returning,Paid,Jacket,AddToCart,2025-10-21 00:43:10,0
460,New,Organic,Jacket,Home,2025-10-20 18:14:00,0
460,New,Organic,Jacket,Category,2025-10-20 18:17:55,0
460,New,Organic,Jacket,Product,2025-10-20 18:26:19,0
460,New,Organic,Jacket,AddToCart,2025-10-20 18:32:49,0
461,Returning,Referral,Shoes,Home,2025-10-20 19:31:00,0
461,Returning,Referral,Shoes,Category,2025-10-20 19:39:31,0
462,Returning,Organic,Watch,Home,2025-10-20 15:37:00,0
462,Returning,Organic,Watch,Category,2025-10-20 15:40:53,0
463,Returning,Organic,Watch,Home,2025-10-20 09:35:00,0
463,Returning,Organic,Watch,Category,2025-10-20 09:37:43,0
463,Returning,Organic,Watch,Product,2025-10-20 09:45:53,0
464,Returning,Organic,Watch,Home,2025-10-20 13:25:00,0
464,Returning,Organic,Watch,Category,2025-10-20 13:31:16,0
464,Returning,Organic,Watch,Product,2025-10-20 13:40:54,0
465,Returning,Organic,Watch,Home,2025-10-20 17:57:00,0
465,Returning,Organic,Watch,Category,2025-10-20 18:01:40,0
465,Returning,Organic,Watch,Product,2025-10-20 18:10:43,0
466,New,Referral,Bag,Home,2025-10-21 04:24:00,0
466,New,Referral,Bag,Category,2025-10-21 04:33:31,0
467,Returning,Referral,Shoes,Home,2025-10-21 00:41:00,0
467,Returning,Referral,Shoes,Category,2025-10-21 00:47:52,0
468,New,Organic,Shoes,Home,2025-10-21 05:33:00,0
468,New,Organic,Shoes,Category,2025-10-21 05:41:45,0
468,New,Organic,Shoes,Product,2025-10-21 05:43:59,0
469,New,Referral,Shoes,Home,2025-10-20 14:00:00,0
469,New,Referral,Shoes,Category,2025-10-20 14:08:06,0
469,New,Referral,Shoes,Product,2025-10-20 14:09:26,0
470,New,Organic,Jacket,Home,2025-10-20 10:33:00,0
470,New,Organic,Jacket,Category,2025-10-20 10:35:05,0
470,New,Organic,Jacket,Product,2025-10-20 10:38:37,0
470,New,Organic,Jacket,AddToCart,2025-10-20 10:45:07,0
471,New,Paid,Bag,Home,2025-10-20 20:38:00,0
472,New,Organic,Shoes,Home,2025-10-21 04:22:00,0
472,New,Organic,Shoes,Category,2025-10-21 04:29:29,0
473,Returning,Organic,Jacket,Home,2025-10-21 04:00:00,0
473,Returning,Organic,Jacket,Category,2025-10-21 04:01:50,0
474,New,Paid,Bag,Home,2025-10-21 07:35:00,0
475,Returning,Paid,Bag,Home,2025-10-20 17:58:00,0
476,Returning,Organic,Jacket,Home,2025-10-21 06:04:00,0
476,Returning,Organic,Jacket,Category,2025-10-21 06:10:32,0
476,Returning,Organic,Jacket,Product,2025-10-21 06:17:32,0
476,Returning,Organic,Jacket,AddToCart,2025-10-21 06:25:13,0
476,Returning,Organic,Jacket,Checkout,2025-10-21 06:32:37,0
477,New,Paid,Shoes,Home,2025-10-20 09:52:00,0
477,New,Paid,Shoes,Category,2025-10-20 09:59:10,0
477,New,Paid,Shoes,Product,2025-10-20 10:08:47,0
478,New,Organic,Bag,Home,2025-10-20 17:39:00,0
478,New,Organic,Bag,Category,2025-10-20 17:44:47,0
478,New,Organic,Bag,Product,2025-10-20 17:48:40,0
479,Returning,Referral,Shoes,Home,2025-10-20 08:48:00,0
479,Returning,Referral,Shoes,Category,2025-10-20 08:50:34,0
479,Returning,Referral,Shoes,Product,2025-10-20 08:56:52,0
480,New,Paid,Jacket,Home,2025-10-20 19:48:00,0
480,New,Paid,Jacket,Category,2025-10-20 19:56:56,0
480,New,Paid,Jacket,Product,2025-10-20 19:59:43,0
480,New,Paid,Jacket,AddToCart,2025-10-20 20:09:27,0
481,Returning,Organic,Watch,Home,2025-10-20 22:17:00,0
482,Returning,Organic,Jacket,Home,2025-10-20 08:07:00,0
482,Returning,Organic,Jacket,Category,2025-10-20 08:12:11,0
482,Returning,Organic,Jacket,Product,2025-10-20 08:12:56,0
483,Returning,Paid,Bag,Home,2025-10-20 08:09:00,0
483,Returning,Paid,Bag,Category,2025-10-20 08:12:13,0
483,Returning,Paid,Bag,Product,2025-10-20 08:15:47,0
484,New,Organic,Jacket,Home,2025-10-21 02:17:00,0
484,New,Organic,Jacket,Category,2025-10-21 02:24:02,0
485,New,Organic,Watch,Home,2025-10-20 19:48:00,0
486,New,Referral,Watch,Home,2025-10-21 04:00:00,0
486,New,Referral,Watch,Category,2025-10-21 04:06:59,0
486,New,Referral,Watch,Product,2025-10-21 04:13:00,0
486,New,Referral,Watch,AddToCart,2025-10-21 04:15:11,0
487,New,Organic,Bag,Home,2025-10-21 07:27:00,0
487,New,Organic,Bag,Category,2025-10-21 07:30:41,0
487,New,Organic,Bag,Product,2025-10-21 07:39:25,0
487,New,Organic,Bag,AddToCart,2025-10-21 07:41:13,0
488,New,Organic,Watch,Home,2025-10-20 19:34:00,0
488,New,Organic,Watch,Category,2025-10-20 19:40:01,0
488,New,Organic,Watch,Product,2025-10-20 19:44:39,0
488,New,Organic,Watch,AddToCart,2025-10-20 19:51:23,0
488,New,Organic,Watch,Checkout,2025-10-20 20:01:02,0
489,Returning,Organic,Jacket,Home,2025-10-21 01:05:00,0
489,Returning,Organic,Jacket,Category,2025-10-21 01:11:12,0
489,Returning,Organic,Jacket,Product,2025-10-21 01:19:40,0
490,Returning,Referral,Shoes,Home,2025-10-21 00:00:00,0
490,Returning,Referral,Shoes,Category,2025-10-21 00:06:08,0
490,Returning,Referral,Shoes,Product,2025-10-21 00:10:45,0
491,New,Organic,Shoes,Home,2025-10-21 03:16:00,0
491,New,Organic,Shoes,Category,2025-10-21 03:16:32,0
491,New,Organic,Shoes,Product,2025-10-21 03:19:31,0
492,New,Organic,Bag,Home,2025-10-21 03:47:00,0
493,Returning,Organic,Shoes,Home,2025-10-21 02:28:00,0
493,Returning,Organic,Shoes,Category,2025-10-21 02:37:15,0
493,Returning,Organic,Shoes,Product,2025-10-21 02:40:22,0
493,Returning,Organic,Shoes,AddToCart,2025-10-21 02:44:20,0
494,New,Referral,Jacket,Home,2025-10-20 13:22:00,0
494,New,Referral,Jacket,Category,2025-10-20 13:22:35,0
495,New,Referral,Jacket,Home,2025-10-21 05:00:00,0
495,New,Referral,Jacket,Category,2025-10-21 05:02:37,0
495,New,Referral,Jacket,Product,2025-10-21 05:07:22,0
495,New,Referral,Jacket,AddToCart,2025-10-21 05:10:31,0
495,New,Referral,Jacket,Checkout,2025-10-21 05:16:33,1
496,New,Organic,Shoes,Home,2025-10-21 00:33:00,0
496,New,Organic,Shoes,Category,2025-10-21 00:40:15,0
496,New,Organic,Shoes,Product,2025-10-21 00:47:08,0
497,Returning,Paid,Watch,Home,2025-10-21 06:46:00,0
497,Returning,Paid,Watch,Category,2025-10-21 06:52:22,0
497,Returning,Paid,Watch,Product,2025-10-21 06:55:43,0
498,New,Paid,Watch,Home,2025-10-21 01:11:00,0
499,New,Organic,Shoes,Home,2025-10-20 22:53:00,0
499,New,Organic,Shoes,Category,2025-10-20 22:57:03,0
500,Returning,Referral,Jacket,Home,2025-10-21 06:40:00,0
500,Returning,Referral,Jacket,Category,2025-10-21 06:47:01,0
500,Returning,Referral,Jacket,Product,2025-10-21 06:48:37,0
500,Returning,Referral,Jacket,AddToCart,2025-10-21 06:56:54,0
501,Returning,Organic,Bag,Home,2025-10-20 08:55:00,0
501,Returning,Organic,Bag,Category,2025-10-20 08:58:31,0
501,Returning,Organic,Bag,Product,2025-10-20 09:03:53,0
502,New,Paid,Jacket,Home,2025-10-20 08:25:00,0
503,New,Organic,Shoes,Home,2025-10-21 01:50:00,0
503,New,Organic,Shoes,Category,2025-10-21 01:56:01,0
503,New,Organic,Shoes,Product,2025-10-21 02:05:01,0
504,New,Paid,Shoes,Home,2025-10-20 09:53:00,0
504,New,Paid,Shoes,Category,2025-10-20 09:57:42,0
505,New,Paid,Watch,Home,2025-10-20 21:02:00,0
505,New,Paid,Watch,Category,2025-10-20 21:09:29,0
505,New,Paid,Watch,Product,2025-10-20 21:19:14,0
506,Returning,Organic,Shoes,Home,2025-10-20 12:31:00,0
506,Returning,Organic,Shoes,Category,2025-10-20 12:40:24,0
506,Returning,Organic,Shoes,Product,2025-10-20 12:48:55,0
507,New,Organic,Bag,Home,2025-10-21 03:59:00,0
507,New,Organic,Bag,Category,2025-10-21 04:07:02,0
507,New,Organic,Bag,Product,2025-10-21 04:08:47,0
507,New,Organic,Bag,AddToCart,2025-10-21 04:16:54,0
508,Returning,Paid,Watch,Home,2025-10-20 19:41:00,0
509,New,Referral,Bag,Home,2025-10-20 19:12:00,0
509,New,Referral,Bag,Category,2025-10-20 19:16:09,0
510,Returning,Paid,Watch,Home,2025-10-20 08:37:00,0
510,Returning,Paid,Watch,Category,2025-10-20 08:42:20,0
511,New,Organic,Shoes,Home,2025-10-21 06:11:00,0
511,New,Organic,Shoes,Category,2025-10-21 06:15:27,0
511,New,Organic,Shoes,Product,2025-10-21 06:16:25,0
511,New,Organic,Shoes,AddToCart,2025-10-21 06:21:30,0
512,New,Organic,Bag,Home,2025-10-20 20:14:00,0
512,New,Organic,Bag,Category,2025-10-20 20:17:23,0
513,New,Paid,Bag,Home,2025-10-20 11:38:00,0
513,New,Paid,Bag,Category,2025-10-20 11:46:38,0
513,New,Paid,Bag,Product,2025-10-20 11:47:10,0
513,New,Paid,Bag,AddToCart,2025-10-20 11:56:45,0
514,Returning,Referral,Shoes,Home,2025-10-20 22:08:00,0
514,Returning,Referral,Shoes,Category,2025-10-20 22:15:03,0
515,New,Organic,Shoes,Home,2025-10-21 07:37:00,0
515,New,Organic,Shoes,Category,2025-10-21 07:41:02,0
515,New,Organic,Shoes,Product,2025-10-21 07:44:55,0
515,New,Organic,Shoes,AddToCart,2025-10-21 07:52:03,0
516,New,Referral,Bag,Home,2025-10-20 12:09:00,0
516,New,Referral,Bag,Category,2025-10-20 12:11:52,0
516,New,Referral,Bag,Product,2025-10-20 12:15:35,0
516,New,Referral,Bag,AddToCart,2025-10-20 12:23:51,0
516,New,Referral,Bag,Checkout,2025-10-20 12:28:10,0
517,New,Organic,Watch,Home,2025-10-20 15:32:00,0
517,New,Organic,Watch,Category,2025-10-20 15:37:43,0
517,New,Organic,Watch,Product,2025-10-20 15:47:15,0
517,New,Organic,Watch,AddToCart,2025-10-20 15:50:05,0
518,New,Paid,Watch,Home,2025-10-21 02:08:00,0
519,New,Organic,Shoes,Home,2025-10-20 13:27:00,0
519,New,Organic,Shoes,Category,2025-10-20 13:31:30,0
519,New,Organic,Shoes,Product,2025-10-20 13:36:38,0
519,New,Organic,Shoes,AddToCart,2025-10-20 13:46:24,0
519,New,Organic,Shoes,Checkout,2025-10-20 13:54:52,1
520,Returning,Organic,Watch,Home,2025-10-21 03:15:00,0
520,Returning,Organic,Watch,Category,2025-10-21 03:20:07,0
520,Returning,Organic,Watch,Product,2025-10-21 03:29:17,0
521,New,Referral,Watch,Home,2025-10-21 07:33:00,0
521,New,Referral,Watch,Category,2025-10-21 07:40:59,0
521,New,Referral,Watch,Product,2025-10-21 07:41:45,0
522,New,Organic,Jacket,Home,2025-10-20 18:46:00,0
522,New,Organic,Jacket,Category,2025-10-20 18:51:44,0
522,New,Organic,Jacket,Product,2025-10-20 18:53:23,0
522,New,Organic,Jacket,AddToCart,2025-10-20 19:00:36,0
523,Returning,Paid,Bag,Home,2025-10-20 14:46:00,0
523,Returning,Paid,Bag,Category,2025-10-20 14:50:31,0
523,Returning,Paid,Bag,Product,2025-10-20 14:58:41,0
523,Returning,Paid,Bag,AddToCart,2025-10-20 15:05:46,0
524,Returning,Paid,Watch,Home,2025-10-21 07:28:00,0
524,Returning,Paid,Watch,Category,2025-10-21 07:29:12,0
524,Returning,Paid,Watch,Product,2025-10-21 07:33:52,0
525,New,Referral,Jacket,Home,2025-10-21 06:01:00,0
526,New,Paid,Watch,Home,2025-10-20 20:44:00,0
526,New,Paid,Watch,Category,2025-10-20 20:51:23,0
526,New,Paid,Watch,Product,2025-10-20 20:59:06,0
526,New,Paid,Watch,AddToCart,2025-10-20 21:05:12,0
526,New,Paid,Watch,Checkout,2025-10-20 21:07:41,0
527,New,Paid,Bag,Home,2025-10-20 09:30:00,0
527,New,Paid,Bag,Category,2025-10-20 09:38:27,0
527,New,Paid,Bag,Product,2025-10-20 09:42:50,0
527,New,Paid,Bag,AddToCart,2025-10-20 09:47:24,0
527,New,Paid,Bag,Checkout,2025-10-20 09:56:57,1
528,New,Paid,Jacket,Home,2025-10-20 15:04:00,0
528,New,Paid,Jacket,Category,2025-10-20 15:09:43,0
528,New,Paid,Jacket,Product,2025-10-20 15:16:10,0
529,New,Organic,Shoes,Home,2025-10-20 08:50:00,0
529,New,Organic,Shoes,Category,2025-10-20 08:51:42,0
529,New,Organic,Shoes,Product,2025-10-20 08:57:53,0
529,New,Organic,Shoes,AddToCart,2025-10-20 09:01:20,0
530,New,Organic,Bag,Home,2025-10-20 11:45:00,0
530,New,Organic,Bag,Category,2025-10-20 11:50:05,0
531,New,Organic,Watch,Home,2025-10-20 20:08:00,0
531,New,Organic,Watch,Category,2025-10-20 20:16:29,0
532,New,Organic,Jacket,Home,2025-10-21 07:24:00,0
532,New,Organic,Jacket,Category,2025-10-21 07:24:50,0
532,New,Organic,Jacket,Product,2025-10-21 07:34:00,0
532,New,Organic,Jacket,AddToCart,2025-10-21 07:43:46,0
532,New,Organic,Jacket,Checkout,2025-10-21 07:50:09,0
533,New,Paid,Bag,Home,2025-10-21 07:06:00,0
533,New,Paid,Bag,Category,2025-10-21 07:12:18,0
533,New,Paid,Bag,Product,2025-10-21 07:19:39,0
533,New,Paid,Bag,AddToCart,2025-10-21 07:20:11,0
534,New,Paid,Watch,Home,2025-10-20 12:00:00,0
534,New,Paid,Watch,Category,2025-10-20 12:02:49,0
534,New,Paid,Watch,Product,2025-10-20 12:08:40,0
534,New,Paid,Watch,AddToCart,2025-10-20 12:10:16,0
535,New,Organic,Watch,Home,2025-10-21 02:11:00,0
536,New,Organic,Watch,Home,2025-10-21 06:15:00,0
536,New,Organic,Watch,Category,2025-10-21 06:15:51,0
536,New,Organic,Watch,Product,2025-10-21 06:20:56,0
536,New,Organic,Watch,AddToCart,2025-10-21 06:28:01,0
536,New,Organic,Watch,Checkout,2025-10-21 06:36:02,1
537,New,Organic,Bag,Home,2025-10-21 03:56:00,0
537,New,Organic,Bag,Category,2025-10-21 04:02:23,0
537,New,Organic,Bag,Product,2025-10-21 04:08:00,0
537,New,Organic,Bag,AddToCart,2025-10-21 04:15:07,0
537,New,Organic,Bag,Checkout,2025-10-21 04:20:13,0
538,Returning,Organic,Jacket,Home,2025-10-20 10:18:00,0
538,Returning,Organic,Jacket,Category,2025-10-20 10:24:57,0
538,Returning,Organic,Jacket,Product,2025-10-20 10:30:12,0
539,New,Organic,Jacket,Home,2025-10-20 19:39:00,0
539,New,Organic,Jacket,Category,2025-10-20 19:40:09,0
539,New,Organic,Jacket,Product,2025-10-20 19:45:04,0
539,New,Organic,Jacket,AddToCart,2025-10-20 19:52:39,0
540,Returning,Paid,Bag,Home,2025-10-21 07:48:00,0
540,Returning,Paid,Bag,Category,2025-10-21 07:54:38,0
540,Returning,Paid,Bag,Product,2025-10-21 07:56:01,0
540,Returning,Paid,Bag,AddToCart,2025-10-21 07:58:57,0
541,Returning,Paid,Jacket,Home,2025-10-20 18:41:00,0
542,New,Organic,Jacket,Home,2025-10-20 19:43:00,0
543,Returning,Referral,Bag,Home,2025-10-21 01:38:00,0
544,New,Referral,Bag,Home,2025-10-20 20:42:00,0
544,New,Referral,Bag,Category,2025-10-20 20:51:11,0
544,New,Referral,Bag,Product,2025-10-20 20:52:26,0
544,New,Referral,Bag,AddToCart,2025-10-20 21:01:46,0
545,Returning,Organic,Shoes,Home,2025-10-20 20:32:00,0
545,Returning,Organic,Shoes,Category,2025-10-20 20:33:10,0
546,New,Referral,Shoes,Home,2025-10-21 03:56:00,0
546,New,Referral,Shoes,Category,2025-10-21 04:01:02,0
547,New,Paid,Jacket,Home,2025-10-21 06:27:00,0
547,New,Paid,Jacket,Category,2025-10-21 06:28:27,0
548,New,Paid,Bag,Home,2025-10-20 21:54:00,0
548,New,Paid,Bag,Category,2025-10-20 21:59:08,0
549,Returning,Organic,Shoes,Home,2025-10-20 09:26:00,0
549,Returning,Organic,Shoes,Category,2025-10-20 09:32:50,0
549,Returning,Organic,Shoes,Product,2025-10-20 09:39:18,0
549,Returning,Organic,Shoes,AddToCart,2025-10-20 09:48:11,0
549,Returning,Organic,Shoes,Checkout,2025-10-20 09:52:18,0
550,New,Organic,Bag,Home,2025-10-20 18:56:00,0
550,New,Organic,Bag,Category,2025-10-20 18:59:44,0
550,New,Organic,Bag,Product,2025-10-20 19:02:15,0
550,New,Organic,Bag,AddToCart,2025-10-20 19:03:52,0
550,New,Organic,Bag,Checkout,2025-10-20 19:13:35,0
551,Returning,Organic,Jacket,Home,2025-10-20 08:24:00,0
551,Returning,Organic,Jacket,Category,2025-10-20 08:32:40,0
551,Returning,Organic,Jacket,Product,2025-10-20 08:38:54,0
551,Returning,Organic,Jacket,AddToCart,2025-10-20 08:42:25,0
551,Returning,Organic,Jacket,Checkout,2025-10-20 08:50:10,0
552,New,Paid,Watch,Home,2025-10-20 21:29:00,0
552,New,Paid,Watch,Category,2025-10-20 21:35:54,0
553,New,Organic,Shoes,Home,2025-10-20 09:25:00,0
553,New,Organic,Shoes,Category,2025-10-20 09:26:00,0
553,New,Organic,Shoes,Product,2025-10-20 09:33:57,0
553,New,Organic,Shoes,AddToCart,2025-10-20 09:38:00,0
553,New,Organic,Shoes,Checkout,2025-10-20 09:40:32,0
554,New,Referral,Shoes,Home,2025-10-20 19:24:00,0
554,New,Referral,Shoes,Category,2025-10-20 19:26:46,0
554,New,Referral,Shoes,Product,2025-10-20 19:31:10,0
554,New,Referral,Shoes,AddToCart,2025-10-20 19:31:54,0
554,New,Referral,Shoes,Checkout,2025-10-20 19:39:37,1
555,New,Paid,Jacket,Home,2025-10-20 11:16:00,0
555,New,Paid,Jacket,Category,2025-10-20 11:24:55,0
555,New,Paid,Jacket,Product,2025-10-20 11:34:02,0
556,New,Organic,Watch,Home,2025-10-20 14:43:00,0
557,New,Organic,Bag,Home,2025-10-21 00:31:00,0
557,New,Organic,Bag,Category,2025-10-21 00:36:32,0
557,New,Organic,Bag,Product,2025-10-21 00:38:23,0
557,New,Organic,Bag,AddToCart,2025-10-21 00:46:12,0
557,New,Organic,Bag,Checkout,2025-10-21 00:48:47,1
558,New,Organic,Jacket,Home,2025-10-20 08:21:00,0
558,New,Organic,Jacket,Category,2025-10-20 08:30:00,0
558,New,Organic,Jacket,Product,2025-10-20 08:39:52,0
559,Returning,Organic,Jacket,Home,2025-10-20 19:19:00,0
559,Returning,Organic,Jacket,Category,2025-10-20 19:28:44,0
559,Returning,Organic,Jacket,Product,2025-10-20 19:35:43,0
559,Returning,Organic,Jacket,AddToCart,2025-10-20 19:42:05,0
560,New,Referral,Shoes,Home,2025-10-21 03:58:00,0
560,New,Referral,Shoes,Category,2025-10-21 04:05:49,0
561,New,Organic,Shoes,Home,2025-10-20 17:42:00,0
561,New,Organic,Shoes,Category,2025-10-20 17:49:57,0
562,New,Organic,Jacket,Home,2025-10-20 17:40:00,0
562,New,Organic,Jacket,Category,2025-10-20 17:42:35,0
563,New,Referral,Jacket,Home,2025-10-20 18:07:00,0
563,New,Referral,Jacket,Category,2025-10-20 18:14:22,0
563,New,Referral,Jacket,Product,2025-10-20 18:24:18,0
563,New,Referral,Jacket,AddToCart,2025-10-20 18:25:26,0
563,New,Referral,Jacket,Checkout,2025-10-20 18:33:09,1
564,New,Referral,Bag,Home,2025-10-21 01:18:00,0
564,New,Referral,Bag,Category,2025-10-21 01:26:38,0
564,New,Referral,Bag,Product,2025-10-21 01:32:05,0
565,New,Organic,Bag,Home,2025-10-20 14:06:00,0
565,New,Organic,Bag,Category,2025-10-20 14:11:23,0
566,Returning,Organic,Shoes,Home,2025-10-20 22:38:00,0
566,Returning,Organic,Shoes,Category,2025-10-20 22:43:56,0
566,Returning,Organic,Shoes,Product,2025-10-20 22:44:39,0
566,Returning,Organic,Shoes,AddToCart,2025-10-20 22:48:02,0
566,Returning,Organic,Shoes,Checkout,2025-10-20 22:53:10,0
567,Returning,Organic,Watch,Home,2025-10-21 07:55:00,0
567,Returning,Organic,Watch,Category,2025-10-21 08:01:18,0
567,Returning,Organic,Watch,Product,2025-10-21 08:05:13,0
568,New,Organic,Watch,Home,2025-10-21 00:06:00,0
569,New,Paid,Bag,Home,2025-10-20 17:14:00,0
570,New,Organic,Bag,Home,2025-10-20 22:44:00,0
570,New,Organic,Bag,Category,2025-10-20 22:46:06,0
570,New,Organic,Bag,Product,2025-10-20 22:53:41,0
570,New,Organic,Bag,AddToCart,2025-10-20 22:55:46,0
571,Returning,Organic,Bag,Home,2025-10-21 02:24:00,0
572,New,Referral,Watch,Home,2025-10-20 12:44:00,0
572,New,Referral,Watch,Category,2025-10-20 12:46:44,0
572,New,Referral,Watch,Product,2025-10-20 12:50:49,0
573,New,Paid,Bag,Home,2025-10-21 03:00:00,0
573,New,Paid,Bag,Category,2025-10-21 03:04:19,0
573,New,Paid,Bag,Product,2025-10-21 03:10:33,0
574,New,Paid,Watch,Home,2025-10-20 09:52:00,0
574,New,Paid,Watch,Category,2025-10-20 09:53:07,0
574,New,Paid,Watch,Product,2025-10-20 09:57:55,0
574,New,Paid,Watch,AddToCart,2025-10-20 10:00:15,0
574,New,Paid,Watch,Checkout,2025-10-20 10:06:15,0
575,New,Organic,Jacket,Home,2025-10-20 09:06:00,0
575,New,Organic,Jacket,Category,2025-10-20 09:08:51,0
575,New,Organic,Jacket,Product,2025-10-20 09:16:08,0
575,New,Organic,Jacket,AddToCart,2025-10-20 09:20:45,0
576,Returning,Paid,Jacket,Home,2025-10-20 20:19:00,0
576,Returning,Paid,Jacket,Category,2025-10-20 20:28:26,0
576,Returning,Paid,Jacket,Product,2025-10-20 20:33:37,0
576,Returning,Paid,Jacket,AddToCart,2025-10-20 20:39:58,0
576,Returning,Paid,Jacket,Checkout,2025-10-20 20:44:07,0
577,Returning,Organic,Jacket,Home,2025-10-21 05:54:00,0
577,Returning,Organic,Jacket,Category,2025-10-21 06:03:37,0
577,Returning,Organic,Jacket,Product,2025-10-21 06:08:27,0
577,Returning,Organic,Jacket,AddToCart,2025-10-21 06:10:16,0
578,New,Organic,Watch,Home,2025-10-20 22:43:00,0
578,New,Organic,Watch,Category,2025-10-20 22:45:39,0
578,New,Organic,Watch,Product,2025-10-20 22:53:23,0
578,New,Organic,Watch,AddToCart,2025-10-20 23:00:22,0
579,New,Paid,Watch,Home,2025-10-20 10:01:00,0
579,New,Paid,Watch,Category,2025-10-20 10:02:22,0
579,New,Paid,Watch,Product,2025-10-20 10:08:25,0
579,New,Paid,Watch,AddToCart,2025-10-20 10:11:32,0
579,New,Paid,Watch,Checkout,2025-10-20 10:18:31,1
580,Returning,Organic,Bag,Home,2025-10-20 13:43:00,0
580,Returning,Organic,Bag,Category,2025-10-20 13:52:56,0
580,Returning,Organic,Bag,Product,2025-10-20 13:54:19,0
580,Returning,Organic,Bag,AddToCart,2025-10-20 14:03:08,0
581,New,Paid,Jacket,Home,2025-10-20 19:42:00,0
581,New,Paid,Jacket,Category,2025-10-20 19:47:49,0
582,Returning,Paid,Watch,Home,2025-10-20 16:13:00,0
582,Returning,Paid,Watch,Category,2025-10-20 16:20:39,0
582,Returning,Paid,Watch,Product,2025-10-20 16:30:27,0
582,Returning,Paid,Watch,AddToCart,2025-10-20 16:40:15,0
583,Returning,Paid,Shoes,Home,2025-10-20 11:46:00,0
584,New,Referral,Bag,Home,2025-10-20 10:06:00,0
584,New,Referral,Bag,Category,2025-10-20 10:13:03,0
585,New,Paid,Bag,Home,2025-10-20 15:47:00,0
585,New,Paid,Bag,Category,2025-10-20 15:52:11,0
585,New,Paid,Bag,Product,2025-10-20 16:01:20,0
585,New,Paid,Bag,AddToCart,2025-10-20 16:02:53,0
586,New,Organic,Jacket,Home,2025-10-20 14:47:00,0
586,New,Organic,Jacket,Category,2025-10-20 14:52:08,0
586,New,Organic,Jacket,Product,2025-10-20 14:53:32,0
586,New,Organic,Jacket,AddToCart,2025-10-20 15:00:26,0
587,New,Referral,Shoes,Home,2025-10-21 00:53:00,0
587,New,Referral,Shoes,Category,2025-10-21 00:54:57,0
587,New,Referral,Shoes,Product,2025-10-21 01:04:53,0
588,Returning,Paid,Shoes,Home,2025-10-21 04:48:00,0
588,Returning,Paid,Shoes,Category,2025-10-21 04:54:41,0
588,Returning,Paid,Shoes,Product,2025-10-21 04:55:25,0
588,Returning,Paid,Shoes,AddToCart,2025-10-21 05:00:56,0
589,New,Paid,Jacket,Home,2025-10-20 16:22:00,0
590,New,Paid,Jacket,Home,2025-10-20 23:04:00,0
591,New,Referral,Bag,Home,2025-10-21 07:59:00,0
591,New,Referral,Bag,Category,2025-10-21 08:00:38,0
591,New,Referral,Bag,Product,2025-10-21 08:04:27,0
591,New,Referral,Bag,AddToCart,2025-10-21 08:09:18,0
592,Returning,Organic,Shoes,Home,2025-10-21 04:16:00,0
592,Returning,Organic,Shoes,Category,2025-10-21 04:18:34,0
592,Returning,Organic,Shoes,Product,2025-10-21 04:20:48,0
593,Returning,Organic,Bag,Home,2025-10-21 06:45:00,0
594,New,Organic,Shoes,Home,2025-10-21 05:22:00,0
595,New,Organic,Shoes,Home,2025-10-20 13:58:00,0
595,New,Organic,Shoes,Category,2025-10-20 14:04:34,0
595,New,Organic,Shoes,Product,2025-10-20 14:06:42,0
596,New,Paid,Shoes,Home,2025-10-20 21:30:00,0
596,New,Paid,Shoes,Category,2025-10-20 21:39:44,0
596,New,Paid,Shoes,Product,2025-10-20 21:47:47,0
596,New,Paid,Shoes,AddToCart,2025-10-20 21:53:15,0
596,New,Paid,Shoes,Checkout,2025-10-20 21:54:16,1
597,New,Organic,Jacket,Home,2025-10-21 06:12:00,0
598,New,Paid,Jacket,Home,2025-10-21 00:50:00,0
598,New,Paid,Jacket,Category,2025-10-21 00:56:00,0
598,New,Paid,Jacket,Product,2025-10-21 01:00:12,0
598,New,Paid,Jacket,AddToCart,2025-10-21 01:08:48,0
598,New,Paid,Jacket,Checkout,2025-10-21 01:14:45,1
599,New,Paid,Bag,Home,2025-10-21 01:15:00,0
599,New,Paid,Bag,Category,2025-10-21 01:19:33,0
599,New,Paid,Bag,Product,2025-10-21 01:27:45,0
599,New,Paid,Bag,AddToCart,2025-10-21 01:36:41,0
600,New,Paid,Jacket,Home,2025-10-21 03:22:00,0
600,New,Paid,Jacket,Category,2025-10-21 03:31:33,0
600,New,Paid,Jacket,Product,2025-10-21 03:36:07,0
600,New,Paid,Jacket,AddToCart,2025-10-21 03:44:54,0
601,New,Organic,Shoes,Home,2025-10-21 05:55:00,0
601,New,Organic,Shoes,Category,2025-10-21 06:02:30,0
602,Returning,Organic,Shoes,Home,2025-10-21 04:42:00,0
602,Returning,Organic,Shoes,Category,2025-10-21 04:49:22,0
602,Returning,Organic,Shoes,Product,2025-10-21 04:51:19,0
602,Returning,Organic,Shoes,AddToCart,2025-10-21 04:52:23,0
603,New,Paid,Jacket,Home,2025-10-20 16:26:00,0
603,New,Paid,Jacket,Category,2025-10-20 16:29:48,0
604,New,Organic,Watch,Home,2025-10-20 11:03:00,0
605,Returning,Paid,Watch,Home,2025-10-20 12:38:00,0
605,Returning,Paid,Watch,Category,2025-10-20 12:40:08,0
605,Returning,Paid,Watch,Product,2025-10-20 12:49:27,0
605,Returning,Paid,Watch,AddToCart,2025-10-20 12:56:30,0
606,New,Referral,Watch,Home,2025-10-21 04:34:00,0
606,New,Referral,Watch,Category,2025-10-21 04:38:45,0
607,New,Paid,Jacket,Home,2025-10-21 06:43:00,0
607,New,Paid,Jacket,Category,2025-10-21 06:51:50,0
608,Returning,Paid,Watch,Home,2025-10-21 01:53:00,0
608,Returning,Paid,Watch,Category,2025-10-21 02:01:54,0
608,Returning,Paid,Watch,Product,2025-10-21 02:07:40,0
608,Returning,Paid,Watch,AddToCart,2025-10-21 02:09:01,0
609,New,Referral,Bag,Home,2025-10-20 20:55:00,0
609,New,Referral,Bag,Category,2025-10-20 20:56:22,0
609,New,Referral,Bag,Product,2025-10-20 21:03:13,0
610,New,Organic,Jacket,Home,2025-10-20 14:39:00,0
611,New,Organic,Watch,Home,2025-10-20 09:33:00,0
611,New,Organic,Watch,Category,2025-10-20 09:42:31,0
612,Returning,Paid,Jacket,Home,2025-10-20 16:29:00,0
612,Returning,Paid,Jacket,Category,2025-10-20 16:33:02,0
612,Returning,Paid,Jacket,Product,2025-10-20 16:36:13,0
613,New,Paid,Bag,Home,2025-10-20 10:24:00,0
613,New,Paid,Bag,Category,2025-10-20 10:33:35,0
613,New,Paid,Bag,Product,2025-10-20 10:37:45,0
613,New,Paid,Bag,AddToCart,2025-10-20 10:43:54,0
613,New,Paid,Bag,Checkout,2025-10-20 10:47:35,0
614,New,Referral,Bag,Home,2025-10-21 00:13:00,0
614,New,Referral,Bag,Category,2025-10-21 00:14:26,0
614,New,Referral,Bag,Product,2025-10-21 00:17:07,0
615,New,Organic,Watch,Home,2025-10-20 08:15:00,0
615,New,Organic,Watch,Category,2025-10-20 08:16:16,0
616,Returning,Paid,Watch,Home,2025-10-20 23:35:00,0
617,Returning,Organic,Bag,Home,2025-10-20 08:44:00,0
617,Returning,Organic,Bag,Category,2025-10-20 08:47:02,0
617,Returning,Organic,Bag,Product,2025-10-20 08:52:47,0
618,New,Referral,Jacket,Home,2025-10-20 13:06:00,0
618,New,Referral,Jacket,Category,2025-10-20 13:11:19,0
619,New,Referral,Shoes,Home,2025-10-21 01:09:00,0
619,New,Referral,Shoes,Category,2025-10-21 01:11:48,0
620,New,Paid,Watch,Home,2025-10-20 10:23:00,0
620,New,Paid,Watch,Category,2025-10-20 10:32:32,0
620,New,Paid,Watch,Product,2025-10-20 10:34:32,0
620,New,Paid,Watch,AddToCart,2025-10-20 10:36:48,0
620,New,Paid,Watch,Checkout,2025-10-20 10:42:58,0
621,Returning,Paid,Bag,Home,2025-10-21 05:32:00,0
621,Returning,Paid,Bag,Category,2025-10-21 05:38:10,0
622,New,Paid,Bag,Home,2025-10-21 05:42:00,0
622,New,Paid,Bag,Category,2025-10-21 05:50:48,0
623,New,Paid,Bag,Home,2025-10-20 11:06:00,0
623,New,Paid,Bag,Category,2025-10-20 11:12:08,0
624,New,Referral,Jacket,Home,2025-10-21 04:33:00,0
624,New,Referral,Jacket,Category,2025-10-21 04:41:24,0
624,New,Referral,Jacket,Product,2025-10-21 04:48:24,0
625,New,Organic,Shoes,Home,2025-10-21 03:03:00,0
626,New,Paid,Jacket,Home,2025-10-21 06:10:00,0
626,New,Paid,Jacket,Category,2025-10-21 06:14:09,0
626,New,Paid,Jacket,Product,2025-10-21 06:23:23,0
627,New,Paid,Bag,Home,2025-10-20 13:18:00,0
627,New,Paid,Bag,Category,2025-10-20 13:18:53,0
627,New,Paid,Bag,Product,2025-10-20 13:26:48,0
627,New,Paid,Bag,AddToCart,2025-10-20 13:30:28,0
627,New,Paid,Bag,Checkout,2025-10-20 13:31:15,0
628,Returning,Organic,Watch,Home,2025-10-21 05:20:00,0
628,Returning,Organic,Watch,Category,2025-10-21 05:21:34,0
628,Returning,Organic,Watch,Product,2025-10-21 05:26:22,0
629,New,Organic,Watch,Home,2025-10-20 11:25:00,0
629,New,Organic,Watch,Category,2025-10-20 11:30:41,0
629,New,Organic,Watch,Product,2025-10-20 11:31:31,0
629,New,Organic,Watch,AddToCart,2025-10-20 11:32:26,0
630,Returning,Organic,Shoes,Home,2025-10-20 23:42:00,0
630,Returning,Organic,Shoes,Category,2025-10-20 23:51:12,0
631,New,Organic,Watch,Home,2025-10-21 06:54:00,0
632,New,Organic,Watch,Home,2025-10-20 21:31:00,0
632,New,Organic,Watch,Category,2025-10-20 21:35:16,0
632,New,Organic,Watch,Product,2025-10-20 21:39:01,0
633,New,Organic,Shoes,Home,2025-10-20 17:46:00,0
634,New,Organic,Jacket,Home,2025-10-20 16:14:00,0
634,New,Organic,Jacket,Category,2025-10-20 16:22:24,0
634,New,Organic,Jacket,Product,2025-10-20 16:31:52,0
635,New,Paid,Watch,Home,2025-10-20 21:07:00,0
635,New,Paid,Watch,Category,2025-10-20 21:09:13,0
635,New,Paid,Watch,Product,2025-10-20 21:12:53,0
635,New,Paid,Watch,AddToCart,2025-10-20 21:18:34,0
636,New,Organic,Shoes,Home,2025-10-21 01:53:00,0
637,New,Referral,Jacket,Home,2025-10-21 01:05:00,0
637,New,Referral,Jacket,Category,2025-10-21 01:09:15,0
637,New,Referral,Jacket,Product,2025-10-21 01:10:21,0
637,New,Referral,Jacket,AddToCart,2025-10-21 01:18:25,0
638,Returning,Paid,Bag,Home,2025-10-20 21:48:00,0
638,Returning,Paid,Bag,Category,2025-10-20 21:54:42,0
638,Returning,Paid,Bag,Product,2025-10-20 22:03:27,0
638,Returning,Paid,Bag,AddToCart,2025-10-20 22:11:21,0
639,New,Organic,Bag,Home,2025-10-21 03:19:00,0
639,New,Organic,Bag,Category,2025-10-21 03:23:30,0
639,New,Organic,Bag,Product,2025-10-21 03:24:48,0
639,New,Organic,Bag,AddToCart,2025-10-21 03:26:52,0
640,New,Paid,Jacket,Home,2025-10-21 04:38:00,0
640,New,Paid,Jacket,Category,2025-10-21 04:38:41,0
640,New,Paid,Jacket,Product,2025-10-21 04:39:16,0
640,New,Paid,Jacket,AddToCart,2025-10-21 04:46:17,0
641,New,Organic,Watch,Home,2025-10-21 05:54:00,0
642,New,Paid,Shoes,Home,2025-10-20 18:01:00,0
642,New,Paid,Shoes,Category,2025-10-20 18:02:10,0
642,New,Paid,Shoes,Product,2025-10-20 18:04:22,0
642,New,Paid,Shoes,AddToCart,2025-10-20 18:13:41,0
642,New,Paid,Shoes,Checkout,2025-10-20 18:18:18,1
643,New,Organic,Shoes,Home,2025-10-20 17:44:00,0
644,New,Paid,Jacket,Home,2025-10-20 21:31:00,0
644,New,Paid,Jacket,Category,2025-10-20 21:39:19,0
644,New,Paid,Jacket,Product,2025-10-20 21:42:43,0
644,New,Paid,Jacket,AddToCart,2025-10-20 21:43:56,0
644,New,Paid,Jacket,Checkout,2025-10-20 21:49:23,1
645,Returning,Paid,Bag,Home,2025-10-21 05:43:00,0
645,Returning,Paid,Bag,Category,2025-10-21 05:43:49,0
645,Returning,Paid,Bag,Product,2025-10-21 05:49:30,0
645,Returning,Paid,Bag,AddToCart,2025-10-21 05:53:03,0
646,New,Organic,Bag,Home,2025-10-20 14:29:00,0
646,New,Organic,Bag,Category,2025-10-20 14:36:54,0
646,New,Organic,Bag,Product,2025-10-20 14:40:22,0
646,New,Organic,Bag,AddToCart,2025-10-20 14:43:06,0
646,New,Organic,Bag,Checkout,2025-10-20 14:51:58,1
647,New,Referral,Bag,Home,2025-10-20 13:34:00,0
647,New,Referral,Bag,Category,2025-10-20 13:43:36,0
648,New,Referral,Watch,Home,2025-10-20 15:12:00,0
648,New,Referral,Watch,Category,2025-10-20 15:14:25,0
648,New,Referral,Watch,Product,2025-10-20 15:22:35,0
648,New,Referral,Watch,AddToCart,2025-10-20 15:27:07,0
648,New,Referral,Watch,Checkout,2025-10-20 15:28:24,1
649,New,Organic,Jacket,Home,2025-10-20 20:58:00,0
649,New,Organic,Jacket,Category,2025-10-20 21:01:04,0
649,New,Organic,Jacket,Product,2025-10-20 21:04:17,0
649,New,Organic,Jacket,AddToCart,2025-10-20 21:10:02,0
649,New,Organic,Jacket,Checkout,2025-10-20 21:13:04,1
650,New,Referral,Shoes,Home,2025-10-20 10:09:00,0
650,New,Referral,Shoes,Category,2025-10-20 10:09:41,0
650,New,Referral,Shoes,Product,2025-10-20 10:14:25,0
651,New,Organic,Jacket,Home,2025-10-20 11:22:00,0
652,New,Organic,Watch,Home,2025-10-21 01:24:00,0
653,Returning,Organic,Jacket,Home,2025-10-20 10:21:00,0
653,Returning,Organic,Jacket,Category,2025-10-20 10:27:26,0
653,Returning,Organic,Jacket,Product,2025-10-20 10:32:17,0
653,Returning,Organic,Jacket,AddToCart,2025-10-20 10:42:07,0
654,Returning,Organic,Bag,Home,2025-10-20 08:21:00,0
654,Returning,Organic,Bag,Category,2025-10-20 08:26:46,0
655,New,Organic,Jacket,Home,2025-10-20 17:18:00,0
656,New,Paid,Jacket,Home,2025-10-20 22:01:00,0
656,New,Paid,Jacket,Category,2025-10-20 22:05:58,0
656,New,Paid,Jacket,Product,2025-10-20 22:12:42,0
657,New,Referral,Shoes,Home,2025-10-20 22:21:00,0
658,New,Organic,Jacket,Home,2025-10-21 03:18:00,0
658,New,Organic,Jacket,Category,2025-10-21 03:22:12,0
658,New,Organic,Jacket,Product,2025-10-21 03:26:56,0
659,Returning,Organic,Jacket,Home,2025-10-21 00:02:00,0
659,Returning,Organic,Jacket,Category,2025-10-21 00:03:50,0
659,Returning,Organic,Jacket,Product,2025-10-21 00:07:46,0
660,New,Organic,Shoes,Home,2025-10-20 09:24:00,0
660,New,Organic,Shoes,Category,2025-10-20 09:33:09,0
661,New,Organic,Bag,Home,2025-10-20 12:18:00,0
661,New,Organic,Bag,Category,2025-10-20 12:26:26,0
662,New,Organic,Bag,Home,2025-10-21 01:50:00,0
662,New,Organic,Bag,Category,2025-10-21 01:53:03,0
662,New,Organic,Bag,Product,2025-10-21 02:01:23,0
663,Returning,Paid,Watch,Home,2025-10-20 09:24:00,0
663,Returning,Paid,Watch,Category,2025-10-20 09:30:12,0
663,Returning,Paid,Watch,Product,2025-10-20 09:37:58,0
663,Returning,Paid,Watch,AddToCart,2025-10-20 09:40:36,0
663,Returning,Paid,Watch,Checkout,2025-10-20 09:42:30,0
664,Returning,Organic,Bag,Home,2025-10-20 10:56:00,0
664,Returning,Organic,Bag,Category,2025-10-20 11:01:57,0
664,Returning,Organic,Bag,Product,2025-10-20 11:05:59,0
665,New,Paid,Watch,Home,2025-10-20 09:06:00,0
665,New,Paid,Watch,Category,2025-10-20 09:09:40,0
666,Returning,Paid,Jacket,Home,2025-10-20 17:14:00,0
666,Returning,Paid,Jacket,Category,2025-10-20 17:17:10,0
666,Returning,Paid,Jacket,Product,2025-10-20 17:20:17,0
667,Returning,Organic,Watch,Home,2025-10-20 09:50:00,0
668,New,Paid,Shoes,Home,2025-10-20 09:44:00,0
668,New,Paid,Shoes,Category,2025-10-20 09:46:03,0
668,New,Paid,Shoes,Product,2025-10-20 09:48:20,0
669,New,Referral,Bag,Home,2025-10-21 05:44:00,0
670,Returning,Organic,Watch,Home,2025-10-20 19:13:00,0
670,Returning,Organic,Watch,Category,2025-10-20 19:16:54,0
670,Returning,Organic,Watch,Product,2025-10-20 19:24:04,0
670,Returning,Organic,Watch,AddToCart,2025-10-20 19:25:19,0
671,New,Organic,Shoes,Home,2025-10-21 02:03:00,0
671,New,Organic,Shoes,Category,2025-10-21 02:08:19,0
671,New,Organic,Shoes,Product,2025-10-21 02:10:46,0
671,New,Organic,Shoes,AddToCart,2025-10-21 02:19:59,0
672,New,Organic,Watch,Home,2025-10-20 17:52:00,0
672,New,Organic,Watch,Category,2025-10-20 18:01:29,0
672,New,Organic,Watch,Product,2025-10-20 18:04:13,0
673,New,Referral,Jacket,Home,2025-10-20 23:20:00,0
673,New,Referral,Jacket,Category,2025-10-20 23:26:03,0
673,New,Referral,Jacket,Product,2025-10-20 23:30:13,0
674,Returning,Paid,Shoes,Home,2025-10-20 13:50:00,0
674,Returning,Paid,Shoes,Category,2025-10-20 13:56:49,0
674,Returning,Paid,Shoes,Product,2025-10-20 14:03:48,0
674,Returning,Paid,Shoes,AddToCart,2025-10-20 14:13:00,0
675,Returning,Referral,Bag,Home,2025-10-20 19:56:00,0
675,Returning,Referral,Bag,Category,2025-10-20 19:57:46,0
676,New,Referral,Bag,Home,2025-10-20 09:59:00,0
676,New,Referral,Bag,Category,2025-10-20 10:05:23,0
677,New,Paid,Shoes,Home,2025-10-21 05:00:00,0
677,New,Paid,Shoes,Category,2025-10-21 05:05:00,0
677,New,Paid,Shoes,Product,2025-10-21 05:06:12,0
677,New,Paid,Shoes,AddToCart,2025-10-21 05:09:28,0
678,Returning,Paid,Bag,Home,2025-10-20 19:45:00,0
678,Returning,Paid,Bag,Category,2025-10-20 19:49:29,0
678,Returning,Paid,Bag,Product,2025-10-20 19:52:51,0
678,Returning,Paid,Bag,AddToCart,2025-10-20 20:01:00,0
679,New,Organic,Shoes,Home,2025-10-20 14:45:00,0
679,New,Organic,Shoes,Category,2025-10-20 14:49:58,0
679,New,Organic,Shoes,Product,2025-10-20 14:51:00,0
679,New,Organic,Shoes,AddToCart,2025-10-20 14:53:31,0
679,New,Organic,Shoes,Checkout,2025-10-20 14:54:44,1
680,New,Organic,Jacket,Home,2025-10-20 14:40:00,0
680,New,Organic,Jacket,Category,2025-10-20 14:49:11,0
680,New,Organic,Jacket,Product,2025-10-20 14:52:26,0
680,New,Organic,Jacket,AddToCart,2025-10-20 15:01:48,0
681,Returning,Organic,Shoes,Home,2025-10-21 04:38:00,0
682,Returning,Referral,Shoes,Home,2025-10-21 02:52:00,0
682,Returning,Referral,Shoes,Category,2025-10-21 03:00:32,0
682,Returning,Referral,Shoes,Product,2025-10-21 03:09:07,0
682,Returning,Referral,Shoes,AddToCart,2025-10-21 03:16:21,0
682,Returning,Referral,Shoes,Checkout,2025-10-21 03:17:14,1
683,New,Paid,Shoes,Home,2025-10-20 22:14:00,0
683,New,Paid,Shoes,Category,2025-10-20 22:15:16,0
683,New,Paid,Shoes,Product,2025-10-20 22:18:58,0
684,New,Paid,Watch,Home,2025-10-20 20:24:00,0
684,New,Paid,Watch,Category,2025-10-20 20:33:32,0
684,New,Paid,Watch,Product,2025-10-20 20:39:44,0
685,New,Organic,Watch,Home,2025-10-20 08:47:00,0
686,New,Organic,Bag,Home,2025-10-20 21:27:00,0
686,New,Organic,Bag,Category,2025-10-20 21:29:50,0
686,New,Organic,Bag,Product,2025-10-20 21:30:44,0
687,Returning,Organic,Jacket,Home,2025-10-21 03:54:00,0
687,Returning,Organic,Jacket,Category,2025-10-21 03:54:59,0
687,Returning,Organic,Jacket,Product,2025-10-21 03:58:14,0
688,New,Organic,Shoes,Home,2025-10-20 13:01:00,0
688,New,Organic,Shoes,Category,2025-10-20 13:08:29,0
688,New,Organic,Shoes,Product,2025-10-20 13:12:38,0
689,New,Organic,Bag,Home,2025-10-20 20:14:00,0
690,New,Organic,Jacket,Home,2025-10-21 04:47:00,0
690,New,Organic,Jacket,Category,2025-10-21 04:56:03,0
690,New,Organic,Jacket,Product,2025-10-21 04:59:34,0
690,New,Organic,Jacket,AddToCart,2025-10-21 05:05:04,0
691,New,Paid,Watch,Home,2025-10-20 17:16:00,0
691,New,Paid,Watch,Category,2025-10-20 17:21:31,0
691,New,Paid,Watch,Product,2025-10-20 17:24:17,0
692,New,Organic,Jacket,Home,2025-10-21 05:00:00,0
692,New,Organic,Jacket,Category,2025-10-21 05:06:44,0
693,New,Paid,Jacket,Home,2025-10-21 05:45:00,0
693,New,Paid,Jacket,Category,2025-10-21 05:52:52,0
693,New,Paid,Jacket,Product,2025-10-21 06:02:41,0
694,Returning,Paid,Shoes,Home,2025-10-20 20:48:00,0
694,Returning,Paid,Shoes,Category,2025-10-20 20:54:01,0
694,Returning,Paid,Shoes,Product,2025-10-20 21:02:35,0
695,Returning,Organic,Shoes,Home,2025-10-21 05:35:00,0
695,Returning,Organic,Shoes,Category,2025-10-21 05:40:31,0
696,New,Paid,Bag,Home,2025-10-21 06:03:00,0
697,Returning,Paid,Bag,Home,2025-10-20 17:19:00,0
697,Returning,Paid,Bag,Category,2025-10-20 17:23:50,0
697,Returning,Paid,Bag,Product,2025-10-20 17:26:34,0
697,Returning,Paid,Bag,AddToCart,2025-10-20 17:30:16,0
697,Returning,Paid,Bag,Checkout,2025-10-20 17:38:00,0
698,Returning,Organic,Bag,Home,2025-10-20 22:58:00,0
698,Returning,Organic,Bag,Category,2025-10-20 23:00:56,0
698,Returning,Organic,Bag,Product,2025-10-20 23:01:49,0
699,New,Organic,Watch,Home,2025-10-20 21:39:00,0
699,New,Organic,Watch,Category,2025-10-20 21:41:13,0
699,New,Organic,Watch,Product,2025-10-20 21:41:44,0
700,New,Paid,Jacket,Home,2025-10-20 08:15:00,0
701,New,Organic,Shoes,Home,2025-10-20 10:04:00,0
701,New,Organic,Shoes,Category,2025-10-20 10:06:29,0
701,New,Organic,Shoes,Product,2025-10-20 10:08:17,0
701,New,Organic,Shoes,AddToCart,2025-10-20 10:10:59,0
701,New,Organic,Shoes,Checkout,2025-10-20 10:12:31,0
702,Returning,Paid,Shoes,Home,2025-10-20 10:01:00,0
703,Returning,Referral,Jacket,Home,2025-10-21 03:10:00,0
703,Returning,Referral,Jacket,Category,2025-10-21 03:17:52,0
703,Returning,Referral,Jacket,Product,2025-10-21 03:18:25,0
703,Returning,Referral,Jacket,AddToCart,2025-10-21 03:27:44,0
703,Returning,Referral,Jacket,Checkout,2025-10-21 03:34:32,0
704,New,Organic,Watch,Home,2025-10-20 10:27:00,0
704,New,Organic,Watch,Category,2025-10-20 10:27:46,0
705,New,Referral,Watch,Home,2025-10-20 20:46:00,0
705,New,Referral,Watch,Category,2025-10-20 20:54:26,0
705,New,Referral,Watch,Product,2025-10-20 21:03:06,0
705,New,Referral,Watch,AddToCart,2025-10-20 21:07:57,0
706,New,Organic,Bag,Home,2025-10-20 21:20:00,0
706,New,Organic,Bag,Category,2025-10-20 21:23:42,0
706,New,Organic,Bag,Product,2025-10-20 21:29:57,0
706,New,Organic,Bag,AddToCart,2025-10-20 21:37:04,0
707,New,Paid,Jacket,Home,2025-10-21 07:49:00,0
707,New,Paid,Jacket,Category,2025-10-21 07:53:50,0
708,Returning,Paid,Shoes,Home,2025-10-20 21:49:00,0
708,Returning,Paid,Shoes,Category,2025-10-20 21:56:47,0
708,Returning,Paid,Shoes,Product,2025-10-20 21:59:57,0
709,New,Paid,Shoes,Home,2025-10-20 11:39:00,0
709,New,Paid,Shoes,Category,2025-10-20 11:40:03,0
709,New,Paid,Shoes,Product,2025-10-20 11:44:36,0
709,New,Paid,Shoes,AddToCart,2025-10-20 11:49:29,0
710,New,Organic,Jacket,Home,2025-10-20 12:26:00,0
710,New,Organic,Jacket,Category,2025-10-20 12:35:41,0
711,New,Paid,Jacket,Home,2025-10-20 13:27:00,0
712,New,Organic,Bag,Home,2025-10-20 11:57:00,0
712,New,Organic,Bag,Category,2025-10-20 12:00:41,0
713,New,Referral,Shoes,Home,2025-10-20 12:48:00,0
714,Returning,Organic,Jacket,Home,2025-10-20 15:08:00,0
714,Returning,Organic,Jacket,Category,2025-10-20 15:12:03,0
715,Returning,Paid,Watch,Home,2025-10-20 22:32:00,0
715,Returning,Paid,Watch,Category,2025-10-20 22:36:07,0
715,Returning,Paid,Watch,Product,2025-10-20 22:42:25,0
716,Returning,Organic,Shoes,Home,2025-10-20 18:35:00,0
716,Returning,Organic,Shoes,Category,2025-10-20 18:43:57,0
717,New,Paid,Shoes,Home,2025-10-21 07:12:00,0
717,New,Paid,Shoes,Category,2025-10-21 07:19:45,0
717,New,Paid,Shoes,Product,2025-10-21 07:24:39,0
717,New,Paid,Shoes,AddToCart,2025-10-21 07:32:56,0
717,New,Paid,Shoes,Checkout,2025-10-21 07:40:23,1
718,New,Organic,Jacket,Home,2025-10-21 02:21:00,0
719,New,Paid,Shoes,Home,2025-10-21 07:21:00,0
719,New,Paid,Shoes,Category,2025-10-21 07:21:30,0
720,Returning,Organic,Shoes,Home,2025-10-20 15:19:00,0
721,Returning,Paid,Bag,Home,2025-10-21 06:30:00,0
721,Returning,Paid,Bag,Category,2025-10-21 06:35:56,0
722,New,Referral,Jacket,Home,2025-10-20 14:06:00,0
722,New,Referral,Jacket,Category,2025-10-20 14:06:32,0
722,New,Referral,Jacket,Product,2025-10-20 14:08:08,0
722,New,Referral,Jacket,AddToCart,2025-10-20 14:14:56,0
722,New,Referral,Jacket,Checkout,2025-10-20 14:22:33,1
723,Returning,Paid,Jacket,Home,2025-10-21 04:27:00,0
723,Returning,Paid,Jacket,Category,2025-10-21 04:34:01,0
723,Returning,Paid,Jacket,Product,2025-10-21 04:41:12,0
724,New,Organic,Shoes,Home,2025-10-20 14:12:00,0
724,New,Organic,Shoes,Category,2025-10-20 14:15:43,0
725,New,Paid,Jacket,Home,2025-10-21 06:38:00,0
726,New,Organic,Jacket,Home,2025-10-21 04:13:00,0
726,New,Organic,Jacket,Category,2025-10-21 04:17:42,0
726,New,Organic,Jacket,Product,2025-10-21 04:23:55,0
727,Returning,Organic,Jacket,Home,2025-10-20 21:14:00,0
728,New,Referral,Watch,Home,2025-10-20 23:32:00,0
728,New,Referral,Watch,Category,2025-10-20 23:33:46,0
728,New,Referral,Watch,Product,2025-10-20 23:34:58,0
728,New,Referral,Watch,AddToCart,2025-10-20 23:41:48,0
729,New,Organic,Bag,Home,2025-10-20 14:59:00,0
729,New,Organic,Bag,Category,2025-10-20 15:05:54,0
729,New,Organic,Bag,Product,2025-10-20 15:07:44,0
729,New,Organic,Bag,AddToCart,2025-10-20 15:17:28,0
729,New,Organic,Bag,Checkout,2025-10-20 15:24:21,0
730,New,Organic,Shoes,Home,2025-10-20 11:34:00,0
731,New,Organic,Bag,Home,2025-10-21 02:12:00,0
731,New,Organic,Bag,Category,2025-10-21 02:20:21,0
731,New,Organic,Bag,Product,2025-10-21 02:25:20,0
732,New,Organic,Watch,Home,2025-10-21 05:17:00,0
732,New,Organic,Watch,Category,2025-10-21 05:18:47,0
732,New,Organic,Watch,Product,2025-10-21 05:21:36,0
733,Returning,Paid,Shoes,Home,2025-10-20 14:54:00,0
733,Returning,Paid,Shoes,Category,2025-10-20 15:03:46,0
734,Returning,Paid,Jacket,Home,2025-10-20 11:49:00,0
734,Returning,Paid,Jacket,Category,2025-10-20 11:58:27,0
735,New,Organic,Watch,Home,2025-10-21 01:42:00,0
735,New,Organic,Watch,Category,2025-10-21 01:48:30,0
735,New,Organic,Watch,Product,2025-10-21 01:54:05,0
735,New,Organic,Watch,AddToCart,2025-10-21 02:02:02,0
735,New,Organic,Watch,Checkout,2025-10-21 02:03:35,0
736,New,Paid,Shoes,Home,2025-10-20 11:59:00,0
737,New,Organic,Jacket,Home,2025-10-20 10:22:00,0
737,New,Organic,Jacket,Category,2025-10-20 10:26:48,0
737,New,Organic,Jacket,Product,2025-10-20 10:33:06,0
738,New,Organic,Jacket,Home,2025-10-20 21:12:00,0
738,New,Organic,Jacket,Category,2025-10-20 21:15:56,0
738,New,Organic,Jacket,Product,2025-10-20 21:22:36,0
739,New,Organic,Jacket,Home,2025-10-21 06:16:00,0
739,New,Organic,Jacket,Category,2025-10-21 06:23:59,0
740,New,Organic,Shoes,Home,2025-10-21 07:49:00,0
740,New,Organic,Shoes,Category,2025-10-21 07:49:35,0
740,New,Organic,Shoes,Product,2025-10-21 07:50:11,0
741,New,Referral,Watch,Home,2025-10-20 11:54:00,0
741,New,Referral,Watch,Category,2025-10-20 12:00:39,0
742,Returning,Organic,Watch,Home,2025-10-21 04:10:00,0
742,Returning,Organic,Watch,Category,2025-10-21 04:16:25,0
743,New,Paid,Shoes,Home,2025-10-20 18:40:00,0
743,New,Paid,Shoes,Category,2025-10-20 18:42:29,0
744,Returning,Paid,Bag,Home,2025-10-20 10:49:00,0
744,Returning,Paid,Bag,Category,2025-10-20 10:58:44,0
745,Returning,Paid,Watch,Home,2025-10-20 21:47:00,0
745,Returning,Paid,Watch,Category,2025-10-20 21:54:31,0
746,New,Paid,Shoes,Home,2025-10-20 11:54:00,0
746,New,Paid,Shoes,Category,2025-10-20 11:57:46,0
746,New,Paid,Shoes,Product,2025-10-20 12:01:46,0
747,Returning,Organic,Bag,Home,2025-10-20 10:05:00,0
747,Returning,Organic,Bag,Category,2025-10-20 10:09:15,0
747,Returning,Organic,Bag,Product,2025-10-20 10:13:03,0
747,Returning,Organic,Bag,AddToCart,2025-10-20 10:16:05,0
748,New,Paid,Jacket,Home,2025-10-20 19:44:00,0
748,New,Paid,Jacket,Category,2025-10-20 19:51:29,0
749,Returning,Organic,Watch,Home,2025-10-20 21:42:00,0
749,Returning,Organic,Watch,Category,2025-10-20 21:48:36,0
749,Returning,Organic,Watch,Product,2025-10-20 21:56:31,0
750,New,Organic,Bag,Home,2025-10-21 05:00:00,0
751,New,Paid,Jacket,Home,2025-10-20 18:44:00,0
752,New,Organic,Watch,Home,2025-10-20 17:46:00,0
752,New,Organic,Watch,Category,2025-10-20 17:46:59,0
752,New,Organic,Watch,Product,2025-10-20 17:50:12,0
752,New,Organic,Watch,AddToCart,2025-10-20 17:55:05,0
753,New,Referral,Watch,Home,2025-10-21 02:45:00,0
753,New,Referral,Watch,Category,2025-10-21 02:54:05,0
753,New,Referral,Watch,Product,2025-10-21 02:58:17,0
753,New,Referral,Watch,AddToCart,2025-10-21 02:59:42,0
754,Returning,Organic,Jacket,Home,2025-10-20 12:35:00,0
754,Returning,Organic,Jacket,Category,2025-10-20 12:43:46,0
754,Returning,Organic,Jacket,Product,2025-10-20 12:48:08,0
755,New,Organic,Shoes,Home,2025-10-20 12:02:00,0
755,New,Organic,Shoes,Category,2025-10-20 12:04:31,0
755,New,Organic,Shoes,Product,2025-10-20 12:08:43,0
756,Returning,Referral,Jacket,Home,2025-10-20 21:54:00,0
757,New,Organic,Bag,Home,2025-10-21 06:05:00,0
757,New,Organic,Bag,Category,2025-10-21 06:13:08,0
758,New,Organic,Shoes,Home,2025-10-20 12:00:00,0
758,New,Organic,Shoes,Category,2025-10-20 12:05:12,0
758,New,Organic,Shoes,Product,2025-10-20 12:12:10,0
758,New,Organic,Shoes,AddToCart,2025-10-20 12:21:54,0
759,Returning,Paid,Watch,Home,2025-10-21 06:45:00,0
759,Returning,Paid,Watch,Category,2025-10-21 06:52:30,0
760,New,Organic,Shoes,Home,2025-10-20 20:30:00,0
760,New,Organic,Shoes,Category,2025-10-20 20:35:28,0
760,New,Organic,Shoes,Product,2025-10-20 20:39:33,0
761,New,Organic,Bag,Home,2025-10-21 04:38:00,0
761,New,Organic,Bag,Category,2025-10-21 04:40:00,0
761,New,Organic,Bag,Product,2025-10-21 04:44:08,0
762,Returning,Referral,Bag,Home,2025-10-20 21:11:00,0
762,Returning,Referral,Bag,Category,2025-10-20 21:20:47,0
763,New,Referral,Shoes,Home,2025-10-21 00:04:00,0
764,New,Paid,Watch,Home,2025-10-21 01:54:00,0
764,New,Paid,Watch,Category,2025-10-21 01:59:45,0
765,New,Referral,Shoes,Home,2025-10-21 05:15:00,0
765,New,Referral,Shoes,Category,2025-10-21 05:16:22,0
765,New,Referral,Shoes,Product,2025-10-21 05:25:51,0
765,New,Referral,Shoes,AddToCart,2025-10-21 05:29:02,0
766,New,Organic,Jacket,Home,2025-10-20 08:40:00,0
766,New,Organic,Jacket,Category,2025-10-20 08:46:59,0
767,Returning,Referral,Watch,Home,2025-10-20 11:27:00,0
767,Returning,Referral,Watch,Category,2025-10-20 11:29:41,0
767,Returning,Referral,Watch,Product,2025-10-20 11:35:32,0
767,Returning,Referral,Watch,AddToCart,2025-10-20 11:43:51,0
768,New,Paid,Bag,Home,2025-10-20 08:51:00,0
768,New,Paid,Bag,Category,2025-10-20 08:57:38,0
768,New,Paid,Bag,Product,2025-10-20 09:01:10,0
768,New,Paid,Bag,AddToCart,2025-10-20 09:01:53,0
768,New,Paid,Bag,Checkout,2025-10-20 09:10:20,0
769,New,Organic,Bag,Home,2025-10-21 02:28:00,0
769,New,Organic,Bag,Category,2025-10-21 02:34:08,0
769,New,Organic,Bag,Product,2025-10-21 02:36:39,0
770,New,Organic,Shoes,Home,2025-10-21 05:37:00,0
770,New,Organic,Shoes,Category,2025-10-21 05:38:54,0
770,New,Organic,Shoes,Product,2025-10-21 05:42:14,0
771,New,Paid,Jacket,Home,2025-10-21 00:29:00,0
771,New,Paid,Jacket,Category,2025-10-21 00:30:54,0
771,New,Paid,Jacket,Product,2025-10-21 00:32:30,0
771,New,Paid,Jacket,AddToCart,2025-10-21 00:41:41,0
772,New,Paid,Shoes,Home,2025-10-21 06:49:00,0
772,New,Paid,Shoes,Category,2025-10-21 06:54:57,0
773,New,Paid,Jacket,Home,2025-10-20 18:46:00,0
773,New,Paid,Jacket,Category,2025-10-20 18:53:55,0
774,New,Organic,Bag,Home,2025-10-21 00:14:00,0
775,Returning,Organic,Jacket,Home,2025-10-21 07:38:00,0
775,Returning,Organic,Jacket,Category,2025-10-21 07:44:53,0
775,Returning,Organic,Jacket,Product,2025-10-21 07:49:32,0
775,Returning,Organic,Jacket,AddToCart,2025-10-21 07:51:19,0
775,Returning,Organic,Jacket,Checkout,2025-10-21 07:58:27,1
776,New,Paid,Watch,Home,2025-10-20 18:11:00,0
776,New,Paid,Watch,Category,2025-10-20 18:15:59,0
776,New,Paid,Watch,Product,2025-10-20 18:25:22,0
776,New,Paid,Watch,AddToCart,2025-10-20 18:33:45,0
776,New,Paid,Watch,Checkout,2025-10-20 18:41:40,0
777,New,Organic,Bag,Home,2025-10-20 14:10:00,0
777,New,Organic,Bag,Category,2025-10-20 14:13:16,0
777,New,Organic,Bag,Product,2025-10-20 14:21:32,0
777,New,Organic,Bag,AddToCart,2025-10-20 14:25:56,0
777,New,Organic,Bag,Checkout,2025-10-20 14:32:33,1
778,Returning,Organic,Jacket,Home,2025-10-20 16:06:00,0
778,Returning,Organic,Jacket,Category,2025-10-20 16:10:51,0
779,New,Organic,Jacket,Home,2025-10-20 14:07:00,0
779,New,Organic,Jacket,Category,2025-10-20 14:14:17,0
779,New,Organic,Jacket,Product,2025-10-20 14:21:03,0
780,New,Paid,Shoes,Home,2025-10-20 13:48:00,0
780,New,Paid,Shoes,Category,2025-10-20 13:49:56,0
780,New,Paid,Shoes,Product,2025-10-20 13:52:02,0
780,New,Paid,Shoes,AddToCart,2025-10-20 13:57:38,0
781,New,Organic,Watch,Home,2025-10-21 05:18:00,0
782,Returning,Paid,Shoes,Home,2025-10-20 12:13:00,0
782,Returning,Paid,Shoes,Category,2025-10-20 12:21:58,0
782,Returning,Paid,Shoes,Product,2025-10-20 12:31:07,0
782,Returning,Paid,Shoes,AddToCart,2025-10-20 12:32:34,0
783,Returning,Paid,Shoes,Home,2025-10-20 14:58:00,0
784,New,Organic,Watch,Home,2025-10-20 09:01:00,0
785,New,Organic,Bag,Home,2025-10-20 10:40:00,0
785,New,Organic,Bag,Category,2025-10-20 10:44:42,0
785,New,Organic,Bag,Product,2025-10-20 10:51:29,0
786,Returning,Paid,Bag,Home,2025-10-21 00:20:00,0
787,New,Organic,Shoes,Home,2025-10-20 23:40:00,0
787,New,Organic,Shoes,Category,2025-10-20 23:43:22,0
787,New,Organic,Shoes,Product,2025-10-20 23:50:08,0
787,New,Organic,Shoes,AddToCart,2025-10-20 23:51:38,0
788,Returning,Organic,Watch,Home,2025-10-21 05:52:00,0
788,Returning,Organic,Watch,Category,2025-10-21 05:54:09,0
789,New,Referral,Shoes,Home,2025-10-20 13:11:00,0
789,New,Referral,Shoes,Category,2025-10-20 13:15:31,0
789,New,Referral,Shoes,Product,2025-10-20 13:22:18,0
789,New,Referral,Shoes,AddToCart,2025-10-20 13:28:39,0
789,New,Referral,Shoes,Checkout,2025-10-20 13:34:05,0
790,New,Referral,Watch,Home,2025-10-20 15:59:00,0
790,New,Referral,Watch,Category,2025-10-20 16:03:14,0
790,New,Referral,Watch,Product,2025-10-20 16:09:52,0
791,Returning,Organic,Bag,Home,2025-10-20 16:52:00,0
792,New,Organic,Jacket,Home,2025-10-20 18:45:00,0
792,New,Organic,Jacket,Category,2025-10-20 18:46:05,0
792,New,Organic,Jacket,Product,2025-10-20 18:47:37,0
792,New,Organic,Jacket,AddToCart,2025-10-20 18:50:04,0
793,New,Referral,Bag,Home,2025-10-20 08:54:00,0
793,New,Referral,Bag,Category,2025-10-20 08:59:59,0
793,New,Referral,Bag,Product,2025-10-20 09:08:27,0
793,New,Referral,Bag,AddToCart,2025-10-20 09:10:26,0
793,New,Referral,Bag,Checkout,2025-10-20 09:12:29,0
794,Returning,Paid,Bag,Home,2025-10-21 05:30:00,0
794,Returning,Paid,Bag,Category,2025-10-21 05:39:09,0
794,Returning,Paid,Bag,Product,2025-10-21 05:47:49,0
794,Returning,Paid,Bag,AddToCart,2025-10-21 05:54:51,0
795,New,Paid,Bag,Home,2025-10-20 17:15:00,0
795,New,Paid,Bag,Category,2025-10-20 17:24:02,0
796,Returning,Paid,Jacket,Home,2025-10-20 17:31:00,0
796,Returning,Paid,Jacket,Category,2025-10-20 17:36:47,0
796,Returning,Paid,Jacket,Product,2025-10-20 17:38:26,0
797,Returning,Organic,Jacket,Home,2025-10-20 17:32:00,0
797,Returning,Organic,Jacket,Category,2025-10-20 17:37:13,0
798,New,Organic,Jacket,Home,2025-10-20 21:21:00,0
798,New,Organic,Jacket,Category,2025-10-20 21:21:45,0
799,New,Referral,Bag,Home,2025-10-20 23:45:00,0
799,New,Referral,Bag,Category,2025-10-20 23:53:17,0
799,New,Referral,Bag,Product,2025-10-20 23:58:59,0
799,New,Referral,Bag,AddToCart,2025-10-21 00:02:26,0
799,New,Referral,Bag,Checkout,2025-10-21 00:05:31,0
800,New,Organic,Bag,Home,2025-10-20 20:35:00,0
801,New,Organic,Jacket,Home,2025-10-20 14:01:00,0
801,New,Organic,Jacket,Category,2025-10-20 14:05:44,0
801,New,Organic,Jacket,Product,2025-10-20 14:09:42,0
801,New,Organic,Jacket,AddToCart,2025-10-20 14:10:47,0
801,New,Organic,Jacket,Checkout,2025-10-20 14:20:27,0
802,Returning,Referral,Jacket,Home,2025-10-21 04:11:00,0
802,Returning,Referral,Jacket,Category,2025-10-21 04:13:41,0
802,Returning,Referral,Jacket,Product,2025-10-21 04:17:25,0
802,Returning,Referral,Jacket,AddToCart,2025-10-21 04:26:19,0
803,Returning,Organic,Shoes,Home,2025-10-20 22:59:00,0
803,Returning,Organic,Shoes,Category,2025-10-20 23:00:53,0
803,Returning,Organic,Shoes,Product,2025-10-20 23:09:44,0
804,New,Organic,Jacket,Home,2025-10-21 00:57:00,0
804,New,Organic,Jacket,Category,2025-10-21 01:06:49,0
804,New,Organic,Jacket,Product,2025-10-21 01:10:07,0
805,New,Organic,Bag,Home,2025-10-20 11:06:00,0
805,New,Organic,Bag,Category,2025-10-20 11:14:15,0
805,New,Organic,Bag,Product,2025-10-20 11:16:47,0
805,New,Organic,Bag,AddToCart,2025-10-20 11:19:41,0
805,New,Organic,Bag,Checkout,2025-10-20 11:28:23,0
806,New,Organic,Bag,Home,2025-10-20 14:44:00,0
807,New,Organic,Watch,Home,2025-10-21 05:11:00,0
807,New,Organic,Watch,Category,2025-10-21 05:19:17,0
807,New,Organic,Watch,Product,2025-10-21 05:22:16,0
808,New,Paid,Watch,Home,2025-10-20 21:51:00,0
808,New,Paid,Watch,Category,2025-10-20 21:58:49,0
809,Returning,Paid,Watch,Home,2025-10-21 07:25:00,0
809,Returning,Paid,Watch,Category,2025-10-21 07:30:32,0
809,Returning,Paid,Watch,Product,2025-10-21 07:34:47,0
810,New,Referral,Jacket,Home,2025-10-20 12:22:00,0
810,New,Referral,Jacket,Category,2025-10-20 12:26:23,0
810,New,Referral,Jacket,Product,2025-10-20 12:35:07,0
810,New,Referral,Jacket,AddToCart,2025-10-20 12:39:53,0
811,New,Paid,Bag,Home,2025-10-20 18:15:00,0
811,New,Paid,Bag,Category,2025-10-20 18:17:46,0
811,New,Paid,Bag,Product,2025-10-20 18:27:11,0
811,New,Paid,Bag,AddToCart,2025-10-20 18:30:01,0
811,New,Paid,Bag,Checkout,2025-10-20 18:33:53,0
812,Returning,Organic,Watch,Home,2025-10-20 09:18:00,0
812,Returning,Organic,Watch,Category,2025-10-20 09:26:17,0
812,Returning,Organic,Watch,Product,2025-10-20 09:28:40,0
812,Returning,Organic,Watch,AddToCart,2025-10-20 09:29:14,0
813,New,Paid,Watch,Home,2025-10-20 12:35:00,0
813,New,Paid,Watch,Category,2025-10-20 12:39:21,0
813,New,Paid,Watch,Product,2025-10-20 12:45:24,0
814,New,Referral,Jacket,Home,2025-10-21 07:16:00,0
814,New,Referral,Jacket,Category,2025-10-21 07:25:21,0
814,New,Referral,Jacket,Product,2025-10-21 07:29:36,0
815,New,Organic,Bag,Home,2025-10-21 01:41:00,0
815,New,Organic,Bag,Category,2025-10-21 01:46:28,0
815,New,Organic,Bag,Product,2025-10-21 01:49:49,0
815,New,Organic,Bag,AddToCart,2025-10-21 01:53:30,0
816,Returning,Organic,Shoes,Home,2025-10-20 08:32:00,0
816,Returning,Organic,Shoes,Category,2025-10-20 08:38:47,0
817,Returning,Paid,Shoes,Home,2025-10-21 00:40:00,0
818,Returning,Organic,Jacket,Home,2025-10-20 11:28:00,0
818,Returning,Organic,Jacket,Category,2025-10-20 11:31:24,0
818,Returning,Organic,Jacket,Product,2025-10-20 11:35:33,0
818,Returning,Organic,Jacket,AddToCart,2025-10-20 11:38:38,0
818,Returning,Organic,Jacket,Checkout,2025-10-20 11:40:06,0
819,Returning,Organic,Bag,Home,2025-10-21 01:21:00,0
819,Returning,Organic,Bag,Category,2025-10-21 01:21:37,0
820,New,Paid,Bag,Home,2025-10-20 15:41:00,0
820,New,Paid,Bag,Category,2025-10-20 15:41:51,0
821,New,Organic,Shoes,Home,2025-10-20 20:57:00,0
821,New,Organic,Shoes,Category,2025-10-20 21:04:50,0
822,New,Paid,Shoes,Home,2025-10-21 00:25:00,0
822,New,Paid,Shoes,Category,2025-10-21 00:26:44,0
822,New,Paid,Shoes,Product,2025-10-21 00:33:31,0
823,New,Organic,Jacket,Home,2025-10-20 09:05:00,0
823,New,Organic,Jacket,Category,2025-10-20 09:10:13,0
823,New,Organic,Jacket,Product,2025-10-20 09:12:01,0
823,New,Organic,Jacket,AddToCart,2025-10-20 09:19:49,0
824,New,Paid,Jacket,Home,2025-10-20 23:03:00,0
824,New,Paid,Jacket,Category,2025-10-20 23:04:22,0
825,New,Paid,Jacket,Home,2025-10-21 05:27:00,0
825,New,Paid,Jacket,Category,2025-10-21 05:31:53,0
825,New,Paid,Jacket,Product,2025-10-21 05:32:43,0
825,New,Paid,Jacket,AddToCart,2025-10-21 05:37:22,0
825,New,Paid,Jacket,Checkout,2025-10-21 05:46:47,0
826,New,Referral,Watch,Home,2025-10-20 21:16:00,0
827,Returning,Organic,Watch,Home,2025-10-20 23:36:00,0
827,Returning,Organic,Watch,Category,2025-10-20 23:44:38,0
827,Returning,Organic,Watch,Product,2025-10-20 23:49:22,0
827,Returning,Organic,Watch,AddToCart,2025-10-20 23:52:25,0
828,Returning,Paid,Jacket,Home,2025-10-20 22:26:00,0
828,Returning,Paid,Jacket,Category,2025-10-20 22:34:25,0
829,Returning,Paid,Jacket,Home,2025-10-21 05:16:00,0
829,Returning,Paid,Jacket,Category,2025-10-21 05:20:21,0
829,Returning,Paid,Jacket,Product,2025-10-21 05:24:35,0
829,Returning,Paid,Jacket,AddToCart,2025-10-21 05:30:48,0
829,Returning,Paid,Jacket,Checkout,2025-10-21 05:39:22,1
830,New,Paid,Jacket,Home,2025-10-21 03:28:00,0
830,New,Paid,Jacket,Category,2025-10-21 03:31:58,0
830,New,Paid,Jacket,Product,2025-10-21 03:35:52,0
831,Returning,Organic,Shoes,Home,2025-10-21 03:56:00,0
832,New,Paid,Shoes,Home,2025-10-20 11:00:00,0
832,New,Paid,Shoes,Category,2025-10-20 11:00:51,0
832,New,Paid,Shoes,Product,2025-10-20 11:04:02,0
833,New,Organic,Bag,Home,2025-10-20 18:14:00,0
833,New,Organic,Bag,Category,2025-10-20 18:22:08,0
833,New,Organic,Bag,Product,2025-10-20 18:30:54,0
833,New,Organic,Bag,AddToCart,2025-10-20 18:39:33,0
833,New,Organic,Bag,Checkout,2025-10-20 18:45:45,1
834,New,Organic,Bag,Home,2025-10-20 18:11:00,0
834,New,Organic,Bag,Category,2025-10-20 18:17:25,0
835,New,Organic,Jacket,Home,2025-10-21 04:25:00,0
835,New,Organic,Jacket,Category,2025-10-21 04:27:59,0
835,New,Organic,Jacket,Product,2025-10-21 04:35:09,0
836,New,Organic,Watch,Home,2025-10-20 23:52:00,0
837,Returning,Referral,Jacket,Home,2025-10-20 14:41:00,0
837,Returning,Referral,Jacket,Category,2025-10-20 14:42:57,0
838,New,Organic,Jacket,Home,2025-10-21 01:10:00,0
838,New,Organic,Jacket,Category,2025-10-21 01:14:32,0
838,New,Organic,Jacket,Product,2025-10-21 01:18:32,0
838,New,Organic,Jacket,AddToCart,2025-10-21 01:20:44,0
838,New,Organic,Jacket,Checkout,2025-10-21 01:27:34,0
839,Returning,Paid,Shoes,Home,2025-10-20 15:54:00,0
839,Returning,Paid,Shoes,Category,2025-10-20 16:03:09,0
839,Returning,Paid,Shoes,Product,2025-10-20 16:03:47,0
840,New,Paid,Watch,Home,2025-10-20 10:31:00,0
840,New,Paid,Watch,Category,2025-10-20 10:39:43,0
841,Returning,Paid,Bag,Home,2025-10-20 12:30:00,0
841,Returning,Paid,Bag,Category,2025-10-20 12:34:01,0
841,Returning,Paid,Bag,Product,2025-10-20 12:39:13,0
841,Returning,Paid,Bag,AddToCart,2025-10-20 12:45:32,0
841,Returning,Paid,Bag,Checkout,2025-10-20 12:51:48,1
842,New,Paid,Bag,Home,2025-10-21 02:18:00,0
842,New,Paid,Bag,Category,2025-10-21 02:24:00,0
842,New,Paid,Bag,Product,2025-10-21 02:27:32,0
842,New,Paid,Bag,AddToCart,2025-10-21 02:28:10,0
842,New,Paid,Bag,Checkout,2025-10-21 02:33:30,0
843,New,Referral,Watch,Home,2025-10-20 23:03:00,0
843,New,Referral,Watch,Category,2025-10-20 23:05:07,0
844,Returning,Organic,Bag,Home,2025-10-21 05:07:00,0
844,Returning,Organic,Bag,Category,2025-10-21 05:15:22,0
845,New,Organic,Jacket,Home,2025-10-20 12:46:00,0
845,New,Organic,Jacket,Category,2025-10-20 12:55:47,0
845,New,Organic,Jacket,Product,2025-10-20 12:58:09,0
846,New,Paid,Jacket,Home,2025-10-20 21:19:00,0
846,New,Paid,Jacket,Category,2025-10-20 21:27:50,0
847,New,Organic,Bag,Home,2025-10-21 00:25:00,0
848,Returning,Referral,Shoes,Home,2025-10-20 18:48:00,0
848,Returning,Referral,Shoes,Category,2025-10-20 18:56:54,0
848,Returning,Referral,Shoes,Product,2025-10-20 19:03:13,0
849,Returning,Paid,Jacket,Home,2025-10-20 11:30:00,0
849,Returning,Paid,Jacket,Category,2025-10-20 11:33:03,0
849,Returning,Paid,Jacket,Product,2025-10-20 11:42:52,0
849,Returning,Paid,Jacket,AddToCart,2025-10-20 11:52:00,0
849,Returning,Paid,Jacket,Checkout,2025-10-20 11:52:45,0
850,Returning,Organic,Shoes,Home,2025-10-21 02:49:00,0
850,Returning,Organic,Shoes,Category,2025-10-21 02:58:43,0
850,Returning,Organic,Shoes,Product,2025-10-21 03:00:20,0
850,Returning,Organic,Shoes,AddToCart,2025-10-21 03:07:58,0
851,New,Paid,Jacket,Home,2025-10-21 05:00:00,0
851,New,Paid,Jacket,Category,2025-10-21 05:02:01,0
851,New,Paid,Jacket,Product,2025-10-21 05:09:35,0
852,Returning,Referral,Watch,Home,2025-10-20 11:33:00,0
852,Returning,Referral,Watch,Category,2025-10-20 11:38:17,0
852,Returning,Referral,Watch,Product,2025-10-20 11:46:49,0
852,Returning,Referral,Watch,AddToCart,2025-10-20 11:54:43,0
853,New,Organic,Shoes,Home,2025-10-20 08:06:00,0
853,New,Organic,Shoes,Category,2025-10-20 08:15:21,0
854,New,Organic,Jacket,Home,2025-10-21 01:16:00,0
854,New,Organic,Jacket,Category,2025-10-21 01:22:23,0
855,Returning,Organic,Shoes,Home,2025-10-20 18:27:00,0
855,Returning,Organic,Shoes,Category,2025-10-20 18:32:12,0
855,Returning,Organic,Shoes,Product,2025-10-20 18:38:34,0
856,Returning,Organic,Shoes,Home,2025-10-20 20:47:00,0
857,Returning,Paid,Watch,Home,2025-10-20 23:10:00,0
857,Returning,Paid,Watch,Category,2025-10-20 23:17:35,0
858,Returning,Referral,Bag,Home,2025-10-20 08:46:00,0
858,Returning,Referral,Bag,Category,2025-10-20 08:51:31,0
859,Returning,Organic,Shoes,Home,2025-10-21 02:41:00,0
860,New,Referral,Jacket,Home,2025-10-20 14:40:00,0
861,New,Organic,Shoes,Home,2025-10-20 11:50:00,0
861,New,Organic,Shoes,Category,2025-10-20 11:51:02,0
862,New,Organic,Shoes,Home,2025-10-21 04:45:00,0
862,New,Organic,Shoes,Category,2025-10-21 04:53:23,0
862,New,Organic,Shoes,Product,2025-10-21 05:01:07,0
862,New,Organic,Shoes,AddToCart,2025-10-21 05:09:32,0
862,New,Organic,Shoes,Checkout,2025-10-21 05:12:59,1
863,New,Organic,Shoes,Home,2025-10-20 17:27:00,0
863,New,Organic,Shoes,Category,2025-10-20 17:33:48,0
863,New,Organic,Shoes,Product,2025-10-20 17:35:02,0
863,New,Organic,Shoes,AddToCart,2025-10-20 17:35:51,0
864,Returning,Organic,Watch,Home,2025-10-20 22:29:00,0
864,Returning,Organic,Watch,Category,2025-10-20 22:35:23,0
864,Returning,Organic,Watch,Product,2025-10-20 22:36:18,0
864,Returning,Organic,Watch,AddToCart,2025-10-20 22:38:35,0
864,Returning,Organic,Watch,Checkout,2025-10-20 22:44:21,1
865,New,Paid,Bag,Home,2025-10-21 06:15:00,0
865,New,Paid,Bag,Category,2025-10-21 06:22:35,0
866,Returning,Referral,Bag,Home,2025-10-20 18:46:00,0
867,Returning,Paid,Jacket,Home,2025-10-20 09:11:00,0
867,Returning,Paid,Jacket,Category,2025-10-20 09:16:17,0
867,Returning,Paid,Jacket,Product,2025-10-20 09:26:03,0
867,Returning,Paid,Jacket,AddToCart,2025-10-20 09:34:12,0
868,Returning,Organic,Watch,Home,2025-10-20 21:27:00,0
869,New,Organic,Watch,Home,2025-10-20 11:58:00,0
869,New,Organic,Watch,Category,2025-10-20 12:04:46,0
869,New,Organic,Watch,Product,2025-10-20 12:14:32,0
869,New,Organic,Watch,AddToCart,2025-10-20 12:16:10,0
870,New,Paid,Shoes,Home,2025-10-21 07:06:00,0
870,New,Paid,Shoes,Category,2025-10-21 07:13:57,0
870,New,Paid,Shoes,Product,2025-10-21 07:16:42,0
871,Returning,Organic,Watch,Home,2025-10-21 06:02:00,0
871,Returning,Organic,Watch,Category,2025-10-21 06:07:50,0
871,Returning,Organic,Watch,Product,2025-10-21 06:10:22,0
872,New,Referral,Watch,Home,2025-10-21 00:10:00,0
872,New,Referral,Watch,Category,2025-10-21 00:16:17,0
872,New,Referral,Watch,Product,2025-10-21 00:22:26,0
872,New,Referral,Watch,AddToCart,2025-10-21 00:24:43,0
873,New,Organic,Watch,Home,2025-10-20 23:42:00,0
873,New,Organic,Watch,Category,2025-10-20 23:50:25,0
874,Returning,Organic,Jacket,Home,2025-10-20 13:10:00,0
874,Returning,Organic,Jacket,Category,2025-10-20 13:10:37,0
875,Returning,Referral,Watch,Home,2025-10-21 05:19:00,0
875,Returning,Referral,Watch,Category,2025-10-21 05:28:26,0
876,Returning,Organic,Watch,Home,2025-10-20 22:50:00,0
876,Returning,Organic,Watch,Category,2025-10-20 22:52:41,0
876,Returning,Organic,Watch,Product,2025-10-20 23:02:22,0
876,Returning,Organic,Watch,AddToCart,2025-10-20 23:07:39,0
877,New,Referral,Watch,Home,2025-10-20 21:41:00,0
877,New,Referral,Watch,Category,2025-10-20 21:43:24,0
877,New,Referral,Watch,Product,2025-10-20 21:49:07,0
877,New,Referral,Watch,AddToCart,2025-10-20 21:51:59,0
878,New,Organic,Bag,Home,2025-10-21 00:56:00,0
878,New,Organic,Bag,Category,2025-10-21 01:05:16,0
878,New,Organic,Bag,Product,2025-10-21 01:12:33,0
878,New,Organic,Bag,AddToCart,2025-10-21 01:14:40,0
879,New,Organic,Jacket,Home,2025-10-20 18:37:00,0
879,New,Organic,Jacket,Category,2025-10-20 18:42:14,0
879,New,Organic,Jacket,Product,2025-10-20 18:50:49,0
880,New,Organic,Watch,Home,2025-10-21 01:03:00,0
880,New,Organic,Watch,Category,2025-10-21 01:07:16,0
880,New,Organic,Watch,Product,2025-10-21 01:11:25,0
880,New,Organic,Watch,AddToCart,2025-10-21 01:16:59,0
881,Returning,Organic,Jacket,Home,2025-10-20 11:07:00,0
881,Returning,Organic,Jacket,Category,2025-10-20 11:08:04,0
881,Returning,Organic,Jacket,Product,2025-10-20 11:10:10,0
881,Returning,Organic,Jacket,AddToCart,2025-10-20 11:15:27,0
882,New,Organic,Bag,Home,2025-10-20 21:46:00,0
882,New,Organic,Bag,Category,2025-10-20 21:47:31,0
882,New,Organic,Bag,Product,2025-10-20 21:49:02,0
882,New,Organic,Bag,AddToCart,2025-10-20 21:51:27,0
882,New,Organic,Bag,Checkout,2025-10-20 22:01:15,0
883,Returning,Organic,Jacket,Home,2025-10-21 06:27:00,0
884,Returning,Referral,Watch,Home,2025-10-20 20:40:00,0
884,Returning,Referral,Watch,Category,2025-10-20 20:41:14,0
884,Returning,Referral,Watch,Product,2025-10-20 20:47:44,0
884,Returning,Referral,Watch,AddToCart,2025-10-20 20:49:08,0
885,Returning,Referral,Jacket,Home,2025-10-21 02:28:00,0
885,Returning,Referral,Jacket,Category,2025-10-21 02:30:43,0
885,Returning,Referral,Jacket,Product,2025-10-21 02:36:30,0
886,Returning,Paid,Shoes,Home,2025-10-21 04:23:00,0
887,New,Referral,Jacket,Home,2025-10-20 21:46:00,0
887,New,Referral,Jacket,Category,2025-10-20 21:49:35,0
887,New,Referral,Jacket,Product,2025-10-20 21:52:06,0
887,New,Referral,Jacket,AddToCart,2025-10-20 21:59:28,0
887,New,Referral,Jacket,Checkout,2025-10-20 22:05:56,0
888,New,Organic,Jacket,Home,2025-10-21 03:18:00,0
888,New,Organic,Jacket,Category,2025-10-21 03:19:46,0
888,New,Organic,Jacket,Product,2025-10-21 03:21:17,0
888,New,Organic,Jacket,AddToCart,2025-10-21 03:29:39,0
888,New,Organic,Jacket,Checkout,2025-10-21 03:37:10,1
889,Returning,Paid,Jacket,Home,2025-10-21 04:32:00,0
890,New,Organic,Shoes,Home,2025-10-21 04:57:00,0
890,New,Organic,Shoes,Category,2025-10-21 05:01:35,0
890,New,Organic,Shoes,Product,2025-10-21 05:05:46,0
890,New,Organic,Shoes,AddToCart,2025-10-21 05:11:36,0
891,New,Organic,Watch,Home,2025-10-20 22:05:00,0
891,New,Organic,Watch,Category,2025-10-20 22:07:27,0
892,New,Organic,Bag,Home,2025-10-20 16:39:00,0
892,New,Organic,Bag,Category,2025-10-20 16:43:44,0
893,Returning,Organic,Jacket,Home,2025-10-20 14:53:00,0
893,Returning,Organic,Jacket,Category,2025-10-20 14:56:27,0
894,Returning,Referral,Shoes,Home,2025-10-21 00:18:00,0
894,Returning,Referral,Shoes,Category,2025-10-21 00:25:29,0
894,Returning,Referral,Shoes,Product,2025-10-21 00:28:10,0
894,Returning,Referral,Shoes,AddToCart,2025-10-21 00:33:37,0
895,New,Referral,Watch,Home,2025-10-20 11:22:00,0
896,New,Paid,Bag,Home,2025-10-20 16:41:00,0
896,New,Paid,Bag,Category,2025-10-20 16:43:32,0
896,New,Paid,Bag,Product,2025-10-20 16:51:26,0
896,New,Paid,Bag,AddToCart,2025-10-20 16:53:11,0
896,New,Paid,Bag,Checkout,2025-10-20 16:59:36,1
897,Returning,Organic,Watch,Home,2025-10-20 12:16:00,0
898,New,Paid,Shoes,Home,2025-10-20 19:39:00,0
898,New,Paid,Shoes,Category,2025-10-20 19:43:49,0
898,New,Paid,Shoes,Product,2025-10-20 19:49:24,0
898,New,Paid,Shoes,AddToCart,2025-10-20 19:51:39,0
898,New,Paid,Shoes,Checkout,2025-10-20 19:59:14,0
899,New,Organic,Jacket,Home,2025-10-20 15:59:00,0
899,New,Organic,Jacket,Category,2025-10-20 16:00:10,0
899,New,Organic,Jacket,Product,2025-10-20 16:08:16,0
899,New,Organic,Jacket,AddToCart,2025-10-20 16:11:01,0
899,New,Organic,Jacket,Checkout,2025-10-20 16:15:10,1
900,New,Organic,Shoes,Home,2025-10-21 06:53:00,0
900,New,Organic,Shoes,Category,2025-10-21 06:56:41,0
900,New,Organic,Shoes,Product,2025-10-21 06:57:50,0
900,New,Organic,Shoes,AddToCart,2025-10-21 07:03:56,0
901,New,Referral,Jacket,Home,2025-10-21 07:49:00,0
901,New,Referral,Jacket,Category,2025-10-21 07:57:15,0
901,New,Referral,Jacket,Product,2025-10-21 08:02:03,0
902,Returning,Organic,Jacket,Home,2025-10-20 18:11:00,0
902,Returning,Organic,Jacket,Category,2025-10-20 18:14:01,0
903,New,Paid,Watch,Home,2025-10-21 03:46:00,0
903,New,Paid,Watch,Category,2025-10-21 03:49:07,0
904,New,Referral,Bag,Home,2025-10-20 21:20:00,0
904,New,Referral,Bag,Category,2025-10-20 21:29:22,0
904,New,Referral,Bag,Product,2025-10-20 21:30:06,0
905,Returning,Paid,Bag,Home,2025-10-21 03:28:00,0
905,Returning,Paid,Bag,Category,2025-10-21 03:36:26,0
905,Returning,Paid,Bag,Product,2025-10-21 03:39:29,0
905,Returning,Paid,Bag,AddToCart,2025-10-21 03:48:47,0
906,New,Organic,Shoes,Home,2025-10-20 10:52:00,0
907,New,Paid,Shoes,Home,2025-10-20 16:40:00,0
907,New,Paid,Shoes,Category,2025-10-20 16:45:26,0
908,New,Paid,Jacket,Home,2025-10-21 02:33:00,0
908,New,Paid,Jacket,Category,2025-10-21 02:35:25,0
909,New,Organic,Shoes,Home,2025-10-21 07:54:00,0
909,New,Organic,Shoes,Category,2025-10-21 07:56:06,0
910,Returning,Organic,Jacket,Home,2025-10-21 01:59:00,0
910,Returning,Organic,Jacket,Category,2025-10-21 02:07:25,0
910,Returning,Organic,Jacket,Product,2025-10-21 02:14:27,0
910,Returning,Organic,Jacket,AddToCart,2025-10-21 02:22:31,0
910,Returning,Organic,Jacket,Checkout,2025-10-21 02:26:18,1
911,New,Paid,Shoes,Home,2025-10-20 17:51:00,0
911,New,Paid,Shoes,Category,2025-10-20 17:55:42,0
911,New,Paid,Shoes,Product,2025-10-20 17:56:38,0
911,New,Paid,Shoes,AddToCart,2025-10-20 18:05:37,0
912,New,Organic,Bag,Home,2025-10-20 20:41:00,0
912,New,Organic,Bag,Category,2025-10-20 20:42:50,0
912,New,Organic,Bag,Product,2025-10-20 20:44:28,0
912,New,Organic,Bag,AddToCart,2025-10-20 20:51:25,0
912,New,Organic,Bag,Checkout,2025-10-20 20:55:33,0
913,New,Organic,Jacket,Home,2025-10-21 01:09:00,0
913,New,Organic,Jacket,Category,2025-10-21 01:12:20,0
913,New,Organic,Jacket,Product,2025-10-21 01:14:38,0
913,New,Organic,Jacket,AddToCart,2025-10-21 01:20:22,0
914,New,Referral,Watch,Home,2025-10-20 19:16:00,0
914,New,Referral,Watch,Category,2025-10-20 19:21:22,0
915,New,Referral,Shoes,Home,2025-10-21 07:47:00,0
915,New,Referral,Shoes,Category,2025-10-21 07:51:47,0
915,New,Referral,Shoes,Product,2025-10-21 08:00:56,0
915,New,Referral,Shoes,AddToCart,2025-10-21 08:08:08,0
915,New,Referral,Shoes,Checkout,2025-10-21 08:11:46,0
916,New,Paid,Bag,Home,2025-10-20 19:32:00,0
916,New,Paid,Bag,Category,2025-10-20 19:40:25,0
917,New,Organic,Jacket,Home,2025-10-20 10:58:00,0
917,New,Organic,Jacket,Category,2025-10-20 11:04:04,0
917,New,Organic,Jacket,Product,2025-10-20 11:11:21,0
917,New,Organic,Jacket,AddToCart,2025-10-20 11:15:09,0
917,New,Organic,Jacket,Checkout,2025-10-20 11:23:56,1
918,New,Paid,Shoes,Home,2025-10-20 11:29:00,0
919,New,Organic,Watch,Home,2025-10-21 01:20:00,0
919,New,Organic,Watch,Category,2025-10-21 01:21:18,0
919,New,Organic,Watch,Product,2025-10-21 01:23:10,0
919,New,Organic,Watch,AddToCart,2025-10-21 01:29:21,0
919,New,Organic,Watch,Checkout,2025-10-21 01:35:56,0
920,Returning,Organic,Watch,Home,2025-10-21 03:56:00,0
920,Returning,Organic,Watch,Category,2025-10-21 03:57:58,0
921,Returning,Paid,Bag,Home,2025-10-20 18:26:00,0
921,Returning,Paid,Bag,Category,2025-10-20 18:27:01,0
921,Returning,Paid,Bag,Product,2025-10-20 18:29:06,0
922,New,Organic,Shoes,Home,2025-10-20 21:06:00,0
922,New,Organic,Shoes,Category,2025-10-20 21:11:58,0
922,New,Organic,Shoes,Product,2025-10-20 21:21:55,0
922,New,Organic,Shoes,AddToCart,2025-10-20 21:30:29,0
923,New,Organic,Shoes,Home,2025-10-20 20:30:00,0
923,New,Organic,Shoes,Category,2025-10-20 20:32:39,0
923,New,Organic,Shoes,Product,2025-10-20 20:36:55,0
923,New,Organic,Shoes,AddToCart,2025-10-20 20:38:08,0
923,New,Organic,Shoes,Checkout,2025-10-20 20:42:14,1
924,Returning,Paid,Watch,Home,2025-10-20 15:21:00,0
924,Returning,Paid,Watch,Category,2025-10-20 15:29:31,0
924,Returning,Paid,Watch,Product,2025-10-20 15:37:18,0
924,Returning,Paid,Watch,AddToCart,2025-10-20 15:45:45,0
925,New,Referral,Shoes,Home,2025-10-20 15:26:00,0
925,New,Referral,Shoes,Category,2025-10-20 15:31:35,0
925,New,Referral,Shoes,Product,2025-10-20 15:36:27,0
925,New,Referral,Shoes,AddToCart,2025-10-20 15:38:37,0
926,New,Organic,Watch,Home,2025-10-20 12:59:00,0
926,New,Organic,Watch,Category,2025-10-20 13:02:36,0
926,New,Organic,Watch,Product,2025-10-20 13:10:48,0
926,New,Organic,Watch,AddToCart,2025-10-20 13:16:31,0
927,New,Organic,Shoes,Home,2025-10-20 12:34:00,0
927,New,Organic,Shoes,Category,2025-10-20 12:38:12,0
928,New,Paid,Jacket,Home,2025-10-20 12:39:00,0
928,New,Paid,Jacket,Category,2025-10-20 12:41:15,0
928,New,Paid,Jacket,Product,2025-10-20 12:44:59,0
929,Returning,Paid,Jacket,Home,2025-10-20 08:25:00,0
929,Returning,Paid,Jacket,Category,2025-10-20 08:33:04,0
929,Returning,Paid,Jacket,Product,2025-10-20 08:38:41,0
930,New,Organic,Bag,Home,2025-10-21 01:33:00,0
930,New,Organic,Bag,Category,2025-10-21 01:35:54,0
930,New,Organic,Bag,Product,2025-10-21 01:40:10,0
930,New,Organic,Bag,AddToCart,2025-10-21 01:43:55,0
930,New,Organic,Bag,Checkout,2025-10-21 01:47:57,1
931,Returning,Referral,Jacket,Home,2025-10-21 05:16:00,0
931,Returning,Referral,Jacket,Category,2025-10-21 05:16:35,0
931,Returning,Referral,Jacket,Product,2025-10-21 05:18:26,0
931,Returning,Referral,Jacket,AddToCart,2025-10-21 05:25:32,0
931,Returning,Referral,Jacket,Checkout,2025-10-21 05:28:36,0
932,Returning,Organic,Bag,Home,2025-10-20 21:10:00,0
932,Returning,Organic,Bag,Category,2025-10-20 21:10:57,0
932,Returning,Organic,Bag,Product,2025-10-20 21:11:47,0
932,Returning,Organic,Bag,AddToCart,2025-10-20 21:13:45,0
933,New,Organic,Watch,Home,2025-10-21 06:47:00,0
933,New,Organic,Watch,Category,2025-10-21 06:54:19,0
933,New,Organic,Watch,Product,2025-10-21 06:55:27,0
933,New,Organic,Watch,AddToCart,2025-10-21 07:03:22,0
934,Returning,Organic,Jacket,Home,2025-10-21 04:06:00,0
934,Returning,Organic,Jacket,Category,2025-10-21 04:06:37,0
934,Returning,Organic,Jacket,Product,2025-10-21 04:15:12,0
934,Returning,Organic,Jacket,AddToCart,2025-10-21 04:23:32,0
934,Returning,Organic,Jacket,Checkout,2025-10-21 04:31:19,1
935,New,Organic,Bag,Home,2025-10-20 22:21:00,0
935,New,Organic,Bag,Category,2025-10-20 22:27:54,0
936,New,Paid,Jacket,Home,2025-10-20 08:28:00,0
936,New,Paid,Jacket,Category,2025-10-20 08:28:35,0
936,New,Paid,Jacket,Product,2025-10-20 08:35:22,0
937,Returning,Organic,Bag,Home,2025-10-20 18:12:00,0
937,Returning,Organic,Bag,Category,2025-10-20 18:15:20,0
938,New,Paid,Bag,Home,2025-10-20 22:50:00,0
938,New,Paid,Bag,Category,2025-10-20 22:52:18,0
938,New,Paid,Bag,Product,2025-10-20 23:01:51,0
938,New,Paid,Bag,AddToCart,2025-10-20 23:10:59,0
938,New,Paid,Bag,Checkout,2025-10-20 23:18:51,1
939,New,Paid,Bag,Home,2025-10-20 21:42:00,0
939,New,Paid,Bag,Category,2025-10-20 21:50:30,0
939,New,Paid,Bag,Product,2025-10-20 21:51:56,0
939,New,Paid,Bag,AddToCart,2025-10-20 21:57:02,0
940,Returning,Paid,Bag,Home,2025-10-20 21:00:00,0
941,New,Referral,Shoes,Home,2025-10-21 07:24:00,0
941,New,Referral,Shoes,Category,2025-10-21 07:26:57,0
941,New,Referral,Shoes,Product,2025-10-21 07:30:50,0
941,New,Referral,Shoes,AddToCart,2025-10-21 07:31:45,0
941,New,Referral,Shoes,Checkout,2025-10-21 07:37:55,1
942,New,Organic,Bag,Home,2025-10-21 07:40:00,0
942,New,Organic,Bag,Category,2025-10-21 07:48:01,0
943,New,Referral,Bag,Home,2025-10-20 09:08:00,0
943,New,Referral,Bag,Category,2025-10-20 09:09:57,0
943,New,Referral,Bag,Product,2025-10-20 09:12:36,0
943,New,Referral,Bag,AddToCart,2025-10-20 09:17:07,0
944,Returning,Referral,Bag,Home,2025-10-20 10:57:00,0
944,Returning,Referral,Bag,Category,2025-10-20 11:02:38,0
945,New,Organic,Watch,Home,2025-10-20 15:32:00,0
945,New,Organic,Watch,Category,2025-10-20 15:34:16,0
945,New,Organic,Watch,Product,2025-10-20 15:34:55,0
946,New,Organic,Watch,Home,2025-10-20 17:51:00,0
946,New,Organic,Watch,Category,2025-10-20 17:58:28,0
946,New,Organic,Watch,Product,2025-10-20 18:02:20,0
946,New,Organic,Watch,AddToCart,2025-10-20 18:07:53,0
947,New,Organic,Shoes,Home,2025-10-20 13:20:00,0
947,New,Organic,Shoes,Category,2025-10-20 13:21:17,0
947,New,Organic,Shoes,Product,2025-10-20 13:22:56,0
947,New,Organic,Shoes,AddToCart,2025-10-20 13:32:35,0
947,New,Organic,Shoes,Checkout,2025-10-20 13:34:13,0
948,New,Organic,Jacket,Home,2025-10-20 17:59:00,0
949,New,Referral,Bag,Home,2025-10-20 13:28:00,0
949,New,Referral,Bag,Category,2025-10-20 13:30:13,0
949,New,Referral,Bag,Product,2025-10-20 13:35:42,0
950,Returning,Organic,Shoes,Home,2025-10-20 08:28:00,0
950,Returning,Organic,Shoes,Category,2025-10-20 08:29:21,0
950,Returning,Organic,Shoes,Product,2025-10-20 08:32:39,0
951,New,Organic,Bag,Home,2025-10-20 18:23:00,0
951,New,Organic,Bag,Category,2025-10-20 18:31:00,0
952,New,Organic,Jacket,Home,2025-10-20 09:25:00,0
952,New,Organic,Jacket,Category,2025-10-20 09:29:42,0
952,New,Organic,Jacket,Product,2025-10-20 09:32:11,0
952,New,Organic,Jacket,AddToCart,2025-10-20 09:40:42,0
952,New,Organic,Jacket,Checkout,2025-10-20 09:48:55,0
953,Returning,Referral,Watch,Home,2025-10-20 13:49:00,0
953,Returning,Referral,Watch,Category,2025-10-20 13:50:43,0
953,Returning,Referral,Watch,Product,2025-10-20 13:51:31,0
953,Returning,Referral,Watch,AddToCart,2025-10-20 13:52:46,0
953,Returning,Referral,Watch,Checkout,2025-10-20 13:59:00,0
954,Returning,Organic,Watch,Home,2025-10-20 19:12:00,0
954,Returning,Organic,Watch,Category,2025-10-20 19:12:41,0
954,Returning,Organic,Watch,Product,2025-10-20 19:13:50,0
955,New,Organic,Shoes,Home,2025-10-20 13:21:00,0
955,New,Organic,Shoes,Category,2025-10-20 13:24:39,0
955,New,Organic,Shoes,Product,2025-10-20 13:33:09,0
956,New,Organic,Jacket,Home,2025-10-21 03:04:00,0
956,New,Organic,Jacket,Category,2025-10-21 03:09:36,0
957,New,Organic,Shoes,Home,2025-10-21 05:18:00,0
957,New,Organic,Shoes,Category,2025-10-21 05:27:55,0
957,New,Organic,Shoes,Product,2025-10-21 05:32:31,0
958,New,Organic,Shoes,Home,2025-10-20 15:00:00,0
958,New,Organic,Shoes,Category,2025-10-20 15:07:51,0
959,New,Organic,Shoes,Home,2025-10-21 04:46:00,0
959,New,Organic,Shoes,Category,2025-10-21 04:50:27,0
959,New,Organic,Shoes,Product,2025-10-21 04:54:03,0
959,New,Organic,Shoes,AddToCart,2025-10-21 05:01:39,0
959,New,Organic,Shoes,Checkout,2025-10-21 05:08:35,0
960,New,Organic,Watch,Home,2025-10-20 17:04:00,0
960,New,Organic,Watch,Category,2025-10-20 17:12:48,0
960,New,Organic,Watch,Product,2025-10-20 17:19:09,0
960,New,Organic,Watch,AddToCart,2025-10-20 17:20:27,0
960,New,Organic,Watch,Checkout,2025-10-20 17:21:39,1
961,New,Organic,Bag,Home,2025-10-20 10:22:00,0
961,New,Organic,Bag,Category,2025-10-20 10:27:35,0
962,New,Organic,Jacket,Home,2025-10-21 02:23:00,0
962,New,Organic,Jacket,Category,2025-10-21 02:24:41,0
963,New,Organic,Jacket,Home,2025-10-20 12:39:00,0
963,New,Organic,Jacket,Category,2025-10-20 12:45:20,0
963,New,Organic,Jacket,Product,2025-10-20 12:51:43,0
964,New,Paid,Watch,Home,2025-10-20 18:40:00,0
964,New,Paid,Watch,Category,2025-10-20 18:42:41,0
964,New,Paid,Watch,Product,2025-10-20 18:48:28,0
964,New,Paid,Watch,AddToCart,2025-10-20 18:50:36,0
964,New,Paid,Watch,Checkout,2025-10-20 19:00:31,0
965,New,Organic,Shoes,Home,2025-10-21 06:19:00,0
965,New,Organic,Shoes,Category,2025-10-21 06:21:27,0
965,New,Organic,Shoes,Product,2025-10-21 06:30:24,0
965,New,Organic,Shoes,AddToCart,2025-10-21 06:32:22,0
965,New,Organic,Shoes,Checkout,2025-10-21 06:34:10,1
966,New,Referral,Watch,Home,2025-10-21 01:23:00,0
967,Returning,Organic,Watch,Home,2025-10-21 04:57:00,0
967,Returning,Organic,Watch,Category,2025-10-21 05:02:41,0
968,New,Referral,Watch,Home,2025-10-20 17:43:00,0
968,New,Referral,Watch,Category,2025-10-20 17:50:14,0
968,New,Referral,Watch,Product,2025-10-20 17:53:53,0
969,New,Organic,Watch,Home,2025-10-21 06:51:00,0
969,New,Organic,Watch,Category,2025-10-21 06:57:04,0
969,New,Organic,Watch,Product,2025-10-21 07:05:27,0
969,New,Organic,Watch,AddToCart,2025-10-21 07:13:26,0
970,New,Organic,Bag,Home,2025-10-20 11:28:00,0
970,New,Organic,Bag,Category,2025-10-20 11:31:52,0
971,Returning,Organic,Bag,Home,2025-10-20 13:31:00,0
971,Returning,Organic,Bag,Category,2025-10-20 13:38:00,0
971,Returning,Organic,Bag,Product,2025-10-20 13:42:32,0
971,Returning,Organic,Bag,AddToCart,2025-10-20 13:45:17,0
972,New,Organic,Bag,Home,2025-10-21 06:43:00,0
972,New,Organic,Bag,Category,2025-10-21 06:47:09,0
973,New,Referral,Shoes,Home,2025-10-20 10:01:00,0
973,New,Referral,Shoes,Category,2025-10-20 10:03:42,0
974,New,Paid,Bag,Home,2025-10-20 19:32:00,0
975,New,Organic,Jacket,Home,2025-10-20 20:55:00,0
976,Returning,Referral,Shoes,Home,2025-10-20 18:24:00,0
976,Returning,Referral,Shoes,Category,2025-10-20 18:33:33,0
977,New,Paid,Bag,Home,2025-10-21 03:57:00,0
977,New,Paid,Bag,Category,2025-10-21 04:06:59,0
977,New,Paid,Bag,Product,2025-10-21 04:13:46,0
978,New,Referral,Watch,Home,2025-10-21 06:15:00,0
978,New,Referral,Watch,Category,2025-10-21 06:17:47,0
978,New,Referral,Watch,Product,2025-10-21 06:21:18,0
978,New,Referral,Watch,AddToCart,2025-10-21 06:22:04,0
978,New,Referral,Watch,Checkout,2025-10-21 06:23:57,1
979,New,Organic,Watch,Home,2025-10-20 09:43:00,0
979,New,Organic,Watch,Category,2025-10-20 09:51:57,0
980,New,Paid,Watch,Home,2025-10-21 06:21:00,0
980,New,Paid,Watch,Category,2025-10-21 06:23:07,0
980,New,Paid,Watch,Product,2025-10-21 06:32:28,0
980,New,Paid,Watch,AddToCart,2025-10-21 06:39:33,0
981,New,Referral,Watch,Home,2025-10-20 08:50:00,0
982,New,Organic,Watch,Home,2025-10-21 06:49:00,0
983,New,Organic,Watch,Home,2025-10-21 04:31:00,0
983,New,Organic,Watch,Category,2025-10-21 04:36:34,0
983,New,Organic,Watch,Product,2025-10-21 04:43:28,0
983,New,Organic,Watch,AddToCart,2025-10-21 04:46:56,0
984,Returning,Organic,Shoes,Home,2025-10-20 16:35:00,0
984,Returning,Organic,Shoes,Category,2025-10-20 16:42:45,0
984,Returning,Organic,Shoes,Product,2025-10-20 16:52:44,0
984,Returning,Organic,Shoes,AddToCart,2025-10-20 16:55:47,0
984,Returning,Organic,Shoes,Checkout,2025-10-20 16:56:46,0
985,Returning,Referral,Jacket,Home,2025-10-20 20:46:00,0
985,Returning,Referral,Jacket,Category,2025-10-20 20:55:03,0
985,Returning,Referral,Jacket,Product,2025-10-20 21:00:47,0
986,New,Paid,Watch,Home,2025-10-20 10:34:00,0
986,New,Paid,Watch,Category,2025-10-20 10:39:12,0
986,New,Paid,Watch,Product,2025-10-20 10:42:51,0
987,New,Organic,Jacket,Home,2025-10-20 08:01:00,0
987,New,Organic,Jacket,Category,2025-10-20 08:02:27,0
987,New,Organic,Jacket,Product,2025-10-20 08:09:20,0
987,New,Organic,Jacket,AddToCart,2025-10-20 08:16:58,0
987,New,Organic,Jacket,Checkout,2025-10-20 08:24:12,0
988,Returning,Paid,Bag,Home,2025-10-21 05:33:00,0
988,Returning,Paid,Bag,Category,2025-10-21 05:36:20,0
989,New,Referral,Shoes,Home,2025-10-20 16:36:00,0
989,New,Referral,Shoes,Category,2025-10-20 16:36:42,0
989,New,Referral,Shoes,Product,2025-10-20 16:38:12,0
989,New,Referral,Shoes,AddToCart,2025-10-20 16:41:03,0
990,New,Organic,Watch,Home,2025-10-20 12:17:00,0
990,New,Organic,Watch,Category,2025-10-20 12:26:24,0
990,New,Organic,Watch,Product,2025-10-20 12:29:48,0
990,New,Organic,Watch,AddToCart,2025-10-20 12:37:30,0
991,Returning,Organic,Watch,Home,2025-10-21 05:55:00,0
991,Returning,Organic,Watch,Category,2025-10-21 05:56:11,0
991,Returning,Organic,Watch,Product,2025-10-21 06:01:32,0
991,Returning,Organic,Watch,AddToCart,2025-10-21 06:03:21,0
991,Returning,Organic,Watch,Checkout,2025-10-21 06:06:13,1
992,New,Organic,Jacket,Home,2025-10-21 07:14:00,0
992,New,Organic,Jacket,Category,2025-10-21 07:17:26,0
992,New,Organic,Jacket,Product,2025-10-21 07:26:29,0
993,New,Referral,Jacket,Home,2025-10-21 04:52:00,0
993,New,Referral,Jacket,Category,2025-10-21 04:54:28,0
994,Returning,Referral,Bag,Home,2025-10-21 02:54:00,0
994,Returning,Referral,Bag,Category,2025-10-21 03:00:50,0
994,Returning,Referral,Bag,Product,2025-10-21 03:10:39,0
994,Returning,Referral,Bag,AddToCart,2025-10-21 03:15:34,0
994,Returning,Referral,Bag,Checkout,2025-10-21 03:20:28,0
995,Returning,Organic,Jacket,Home,2025-10-21 07:10:00,0
995,Returning,Organic,Jacket,Category,2025-10-21 07:13:17,0
996,New,Organic,Jacket,Home,2025-10-21 06:34:00,0
997,New,Organic,Jacket,Home,2025-10-21 01:38:00,0
997,New,Organic,Jacket,Category,2025-10-21 01:40:48,0
997,New,Organic,Jacket,Product,2025-10-21 01:42:28,0
997,New,Organic,Jacket,AddToCart,2025-10-21 01:48:38,0
998,New,Paid,Jacket,Home,2025-10-20 19:43:00,0
998,New,Paid,Jacket,Category,2025-10-20 19:52:19,0
998,New,Paid,Jacket,Product,2025-10-20 19:56:44,0
998,New,Paid,Jacket,AddToCart,2025-10-20 20:05:51,0
999,New,Paid,Watch,Home,2025-10-20 09:10:00,0
999,New,Paid,Watch,Category,2025-10-20 09:17:05,0
1000,Returning,Organic,Jacket,Home,2025-10-20 22:31:00,0
